scale,spec_country,steel_kind,pt_thick,pt_width,pt_length,hsb,fur_no,fur_input_row,fur_heat_temp,fur_heat_time,fur_soak_temp,fur_soak_time,fur_total_time,rolling_method,rolling_temp,descaling_count,work_group,bf_temp
양품,미국,T,32,3700,15100,적용,1호기,1열,1144,116,1133,59,259,TMCP(온도제어),934.0,8,1조,199.0
양품,미국,T,32,3700,15100,적용,1호기,2열,1144,122,1135,53,238,TMCP(온도제어),937.0,8,1조,198.0
양품,영국,T,33,3600,19200,적용,2호기,1열,1129,116,1121,55,258,TMCP(온도제어),889.0,8,1조,232.0
양품,영국,T,33,3600,19200,적용,2호기,2열,1152,125,1127,68,266,TMCP(온도제어),885.0,8,1조,242.0
양품,프랑스,T,38,3100,13300,적용,3호기,1열,1140,134,1128,48,246,TMCP(온도제어),873.0,8,1조,255.0
양품,프랑스,T,38,3100,13300,적용,3호기,2열,1143,127,1128,57,255,TMCP(온도제어),874.0,8,1조,254.0
양품,프랑스,T,38,3100,16700,적용,1호기,1열,1138,126,1130,50,278,TMCP(온도제어),878.0,8,1조,252.0
양품,프랑스,T,38,3100,16700,적용,1호기,2열,1139,126,1131,52,272,TMCP(온도제어),870.0,8,1조,261.0
양품,프랑스,T,38,3100,16700,적용,2호기,1열,1127,126,1122,52,241,TMCP(온도제어),873.0,8,1조,249.0
불량,미국,T,38,3100,16200,적용,2호기,2열,1135,119,1124,73,290,TMCP(온도제어),881.0,7,1조,243.0
양품,공통,T,38,3100,16200,적용,2호기,2열,1135,119,1124,73,261,CR(제어압연),881.0,8,1조,243.0
양품,미국,T,38,3100,16200,적용,3호기,1열,1127,134,1123,58,252,TMCP(온도제어),869.0,8,1조,254.0
양품,공통,T,38,3100,16200,적용,3호기,1열,1127,134,1123,58,259,CR(제어압연),869.0,8,1조,254.0
양품,미국,T,38,3100,16200,적용,1호기,1열,1132,125,1127,62,280,TMCP(온도제어),820.0,8,1조,307.0
양품,공통,T,38,3100,16200,적용,1호기,1열,1132,125,1127,62,286,CR(제어압연),820.0,8,1조,307.0
불량,공통,T,38,3100,16200,적용,3호기,2열,1131,120,1125,68,259,CR(제어압연),1057.0,8,1조,68.0
양품,프랑스,T,30,1900,34800,적용,1호기,2열,1119,130,1120,65,289,TMCP(온도제어),926.0,8,1조,194.0
양품,공통,T,30,1900,34800,적용,1호기,2열,1119,130,1120,65,282,CR(제어압연),926.0,8,1조,194.0
양품,공통,T,34,2200,30500,적용,2호기,1열,1119,126,1119,72,263,CR(제어압연),931.0,8,1조,188.0
양품,독일,T,34,2200,30500,적용,2호기,1열,1119,126,1119,72,254,TMCP(온도제어),931.0,8,1조,188.0
불량,독일,T,50,2200,21800,적용,3호기,1열,1127,127,1123,71,286,TMCP(온도제어),929.0,5,1조,194.0
양품,독일,T,50,2200,21800,적용,2호기,2열,1134,127,1124,92,293,TMCP(온도제어),929.0,6,1조,195.0
양품,독일,T,50,2200,21800,적용,3호기,2열,1124,117,1124,87,289,TMCP(온도제어),929.0,6,1조,195.0
양품,독일,T,50,2200,21800,적용,1호기,1열,1129,122,1125,78,302,TMCP(온도제어),925.0,6,1조,200.0
양품,독일,T,50,2200,21800,적용,2호기,2열,1124,73,1127,78,237,TMCP(온도제어),928.0,6,1조,199.0
양품,프랑스,T,50,2000,24500,적용,1호기,2열,1110,123,1116,81,303,TMCP(온도제어),860.0,6,1조,256.0
양품,독일,T,44,2000,27500,적용,2호기,1열,1114,64,1120,82,240,TMCP(온도제어),836.0,6,1조,284.0
양품,독일,T,44,2000,27500,적용,3호기,1열,1113,124,1120,82,276,TMCP(온도제어),832.0,6,1조,288.0
양품,독일,T,48,2100,24500,적용,3호기,2열,1118,71,1124,86,216,TMCP(온도제어),832.0,6,1조,292.0
양품,독일,T,48,2100,24500,적용,1호기,1열,1117,69,1120,88,240,TMCP(온도제어),832.0,6,1조,288.0
양품,독일,T,48,2000,25600,적용,1호기,2열,1108,62,1117,97,219,TMCP(온도제어),841.0,6,1조,276.0
양품,프랑스,T,45,2200,18500,적용,2호기,1열,1123,62,1123,101,220,TMCP(온도제어),933.0,6,1조,190.0
양품,공통,T,45,2200,18500,적용,2호기,1열,1123,62,1123,101,251,CR(제어압연),933.0,6,1조,190.0
양품,프랑스,T,45,2200,18500,적용,2호기,2열,1132,70,1126,95,246,TMCP(온도제어),933.0,6,1조,193.0
양품,공통,T,45,2200,18500,적용,2호기,2열,1132,70,1126,95,231,CR(제어압연),933.0,6,1조,193.0
양품,프랑스,T,45,2200,18500,적용,3호기,1열,1129,81,1125,109,284,TMCP(온도제어),937.0,6,1조,188.0
양품,공통,T,45,2200,18500,적용,3호기,1열,1129,95,1125,109,281,CR(제어압연),937.0,6,1조,188.0
양품,프랑스,T,45,2100,18400,적용,3호기,2열,1134,70,1127,94,244,TMCP(온도제어),930.0,6,1조,197.0
양품,공통,T,45,2100,18400,적용,3호기,2열,1134,70,1127,94,268,CR(제어압연),930.0,6,1조,197.0
양품,프랑스,T,45,2100,18400,적용,1호기,1열,1124,78,1124,94,250,TMCP(온도제어),936.0,6,1조,188.0
양품,공통,T,45,2100,18400,적용,1호기,1열,1124,78,1124,94,251,CR(제어압연),936.0,6,1조,188.0
양품,프랑스,T,45,2100,18400,적용,1호기,2열,1126,74,1125,92,262,TMCP(온도제어),933.0,6,1조,192.0
양품,공통,T,45,2100,18400,적용,1호기,2열,1126,74,1125,92,245,CR(제어압연),933.0,6,1조,192.0
양품,미국,T,45,3100,14000,적용,2호기,1열,1111,61,1123,108,272,TMCP(온도제어),838.0,6,1조,285.0
양품,공통,T,45,3100,14000,적용,2호기,1열,1111,61,1123,108,272,CR(제어압연),838.0,6,1조,285.0
양품,독일,T,44,2500,15700,적용,2호기,2열,1133,75,1127,91,247,TMCP(온도제어),837.0,6,1조,290.0
양품,미국,T,51,3100,12400,적용,3호기,1열,1133,57,1125,103,238,TMCP(온도제어),862.0,6,1조,263.0
양품,미국,T,51,3100,12400,적용,3호기,2열,1127,63,1128,106,273,TMCP(온도제어),862.0,6,1조,266.0
양품,미국,T,51,3100,12400,적용,1호기,1열,1133,70,1126,91,261,TMCP(온도제어),861.0,6,1조,265.0
양품,미국,T,51,3100,12400,적용,1호기,2열,1122,57,1123,105,266,TMCP(온도제어),862.0,6,1조,261.0
양품,미국,T,51,3100,12400,적용,2호기,1열,1133,84,1124,81,223,TMCP(온도제어),856.0,6,1조,268.0
양품,미국,T,51,3100,12400,적용,2호기,2열,1133,93,1127,75,229,TMCP(온도제어),860.0,6,1조,267.0
양품,독일,T,56,3800,11400,적용,3호기,1열,1126,62,1125,106,256,TMCP(온도제어),863.0,6,1조,262.0
양품,독일,T,56,3800,11400,적용,3호기,2열,1132,95,1128,80,244,TMCP(온도제어),0.0,6,1조,1128.0
양품,프랑스,T,56,3300,11000,적용,1호기,1열,1137,89,1131,83,257,TMCP(온도제어),864.0,6,1조,267.0
양품,프랑스,T,56,3300,11000,적용,1호기,2열,1127,72,1128,100,228,TMCP(온도제어),845.0,6,1조,283.0
양품,공통,T,56,3300,11000,적용,1호기,2열,1127,72,1128,100,232,CR(제어압연),845.0,6,1조,283.0
양품,한국,T,40,4000,13900,적용,2호기,1열,1112,77,1124,97,234,CR(제어압연),808.0,6,1조,316.0
양품,영국,T,61,3100,12400,적용,2호기,2열,1125,90,1128,90,238,TMCP(온도제어),845.0,6,1조,283.0
양품,미국,T,61,2500,12000,적용,3호기,1열,1126,73,1126,107,270,TMCP(온도제어),850.0,6,1조,276.0
양품,공통,T,61,2500,12000,적용,3호기,1열,1126,73,1126,107,241,CR(제어압연),850.0,6,1조,276.0
양품,영국,T,64,3500,8000,적용,3호기,2열,1135,106,1130,84,257,TMCP(온도제어),852.0,6,1조,278.0
양품,미국,T,61,2500,12000,적용,1호기,1열,1139,101,1128,82,243,TMCP(온도제어),845.0,6,1조,283.0
양품,공통,T,61,2500,12000,적용,1호기,1열,1139,101,1128,82,264,CR(제어압연),845.0,6,1조,283.0
양품,미국,T,61,2500,12000,적용,1호기,2열,1129,84,1128,98,243,TMCP(온도제어),845.0,6,1조,283.0
양품,공통,T,61,2500,12000,적용,1호기,2열,1129,84,1128,98,274,CR(제어압연),845.0,6,1조,283.0
양품,영국,T,64,3500,8000,적용,2호기,1열,1131,106,1125,76,280,TMCP(온도제어),847.0,6,1조,278.0
양품,미국,T,61,2500,12000,적용,2호기,2열,1137,116,1129,71,260,TMCP(온도제어),849.0,6,1조,280.0
양품,공통,T,61,2500,12000,적용,2호기,2열,1137,116,1129,71,272,CR(제어압연),849.0,6,2조,280.0
양품,미국,T,64,3100,10400,적용,3호기,1열,1130,84,1129,101,286,TMCP(온도제어),845.0,6,2조,284.0
양품,미국,T,64,3100,10400,적용,3호기,2열,1140,114,1132,74,275,TMCP(온도제어),844.0,6,2조,288.0
양품,프랑스,T,61,2100,16600,적용,1호기,1열,1141,113,1133,73,260,TMCP(온도제어),852.0,6,2조,281.0
양품,영국,T,66,3200,11800,적용,1호기,2열,1142,121,1135,75,280,TMCP(온도제어),853.0,6,2조,282.0
양품,프랑스,T,68,3300,11000,적용,2호기,1열,1137,110,1128,75,282,TMCP(온도제어),851.0,6,2조,277.0
양품,프랑스,T,68,3300,11000,적용,2호기,2열,1134,111,1129,72,250,TMCP(온도제어),850.0,6,2조,279.0
양품,미국,T,66,2500,12000,적용,3호기,1열,1138,99,1129,86,253,TMCP(온도제어),847.0,6,2조,282.0
양품,공통,T,66,2500,12000,적용,3호기,1열,1138,99,1129,86,258,CR(제어압연),847.0,6,2조,282.0
양품,미국,T,66,2500,12000,적용,3호기,2열,1137,109,1132,73,250,TMCP(온도제어),849.0,6,2조,283.0
양품,공통,T,66,2500,12000,적용,3호기,2열,1137,109,1132,73,269,CR(제어압연),849.0,6,2조,283.0
양품,미국,T,66,2500,12000,적용,1호기,1열,1142,110,1134,73,275,TMCP(온도제어),851.0,6,2조,283.0
불량,공통,T,66,2500,12000,적용,1호기,1열,1142,110,1134,73,276,CR(제어압연),851.0,5,2조,283.0
양품,미국,T,66,2500,12000,적용,1호기,2열,1144,110,1136,72,251,TMCP(온도제어),847.0,6,2조,289.0
양품,공통,T,66,2500,12000,적용,1호기,2열,1144,110,1136,72,255,CR(제어압연),847.0,6,2조,289.0
양품,미국,T,66,2500,12000,적용,2호기,1열,1137,98,1129,73,236,TMCP(온도제어),847.0,6,2조,282.0
양품,공통,T,66,2500,12000,적용,2호기,1열,1137,98,1129,73,238,CR(제어압연),847.0,6,2조,282.0
양품,미국,T,66,2500,12000,적용,2호기,2열,1135,101,1130,73,232,TMCP(온도제어),844.0,6,2조,286.0
양품,공통,T,66,2500,12000,적용,2호기,2열,1135,101,1130,73,258,CR(제어압연),844.0,6,2조,286.0
양품,프랑스,T,71,2700,11000,적용,3호기,1열,1142,109,1130,73,266,TMCP(온도제어),840.0,6,2조,290.0
양품,프랑스,T,71,2700,11000,적용,3호기,2열,1145,109,1134,69,258,TMCP(온도제어),846.0,6,2조,288.0
양품,프랑스,T,74,2700,11000,적용,1호기,1열,1144,112,1134,67,241,TMCP(온도제어),844.0,6,2조,290.0
양품,프랑스,T,74,2700,11000,적용,1호기,2열,1147,122,1138,51,279,TMCP(온도제어),846.0,6,2조,292.0
양품,프랑스,T,74,2700,11000,적용,2호기,1열,1136,115,1126,55,272,TMCP(온도제어),844.0,6,2조,282.0
양품,프랑스,T,74,2700,11000,적용,2호기,2열,1138,110,1130,56,254,TMCP(온도제어),849.0,6,2조,281.0
양품,프랑스,T,74,2700,11000,적용,3호기,1열,1139,107,1129,67,260,TMCP(온도제어),834.0,6,2조,295.0
불량,프랑스,T,74,2700,11000,미적용,3호기,2열,1142,93,1134,61,235,TMCP(온도제어),847.0,6,2조,287.0
양품,영국,T,71,2300,12900,적용,1호기,1열,1129,91,1126,61,217,TMCP(온도제어),842.0,6,2조,284.0
양품,프랑스,T,74,2700,9800,적용,1호기,2열,1123,106,1124,62,267,TMCP(온도제어),845.0,6,2조,279.0
양품,공통,T,74,2700,9800,적용,1호기,2열,1123,106,1124,62,246,CR(제어압연),845.0,6,2조,279.0
양품,독일,T,76,2500,14100,적용,3호기,1열,1126,103,1125,61,251,TMCP(온도제어),843.0,6,2조,282.0
양품,프랑스,T,74,2700,9800,적용,2호기,2열,1113,96,1122,68,255,TMCP(온도제어),773.0,6,2조,349.0
양품,공통,T,74,2700,9800,적용,2호기,2열,1113,96,1122,68,258,CR(제어압연),773.0,6,2조,349.0
불량,프랑스,T,76,2700,9700,적용,3호기,2열,1123,79,1126,61,231,TMCP(온도제어),760.0,5,2조,366.0
양품,공통,T,76,2700,9700,적용,3호기,2열,1123,79,1126,61,206,CR(제어압연),760.0,6,2조,366.0
양품,독일,T,76,2500,14100,적용,2호기,1열,1133,94,1125,76,269,TMCP(온도제어),859.0,6,2조,266.0
양품,독일,T,76,2500,9200,적용,1호기,1열,1132,79,1127,83,232,TMCP(온도제어),842.0,6,2조,285.0
불량,독일,T,76,2500,9200,미적용,1호기,2열,1142,82,1131,69,213,TMCP(온도제어),847.0,6,2조,284.0
양품,독일,T,76,2500,9000,적용,2호기,2열,1131,77,1125,95,248,TMCP(온도제어),844.0,6,2조,281.0
양품,독일,T,76,2500,9000,적용,2호기,1열,1132,78,1124,85,223,TMCP(온도제어),843.0,6,2조,281.0
양품,독일,T,76,2500,9300,적용,3호기,1열,1132,77,1124,101,281,TMCP(온도제어),843.0,6,2조,281.0
양품,공통,T,76,2500,9600,적용,3호기,2열,1131,80,1126,98,235,CR(제어압연),843.0,6,2조,283.0
양품,독일,T,76,2500,9600,적용,3호기,2열,1131,80,1126,98,244,TMCP(온도제어),843.0,6,2조,283.0
양품,미국,T,76,2500,9500,적용,1호기,1열,1130,79,1125,98,278,TMCP(온도제어),840.0,6,2조,285.0
불량,미국,T,83,2600,10400,미적용,1호기,2열,1124,77,1124,99,250,TMCP(온도제어),846.0,6,2조,278.0
양품,미국,T,83,2600,10400,적용,2호기,1열,1116,77,1122,100,277,TMCP(온도제어),839.0,6,2조,283.0
양품,미국,T,90,2600,10400,적용,2호기,2열,1130,78,1125,100,256,TMCP(온도제어),843.0,6,2조,282.0
양품,미국,T,90,2600,10400,적용,3호기,1열,1129,87,1123,104,264,TMCP(온도제어),844.0,6,2조,279.0
양품,미국,T,90,2600,10400,적용,3호기,2열,1129,78,1126,100,261,TMCP(온도제어),841.0,6,2조,285.0
양품,프랑스,C,20,3600,39300,적용,3호기,1열,1129,76,1126,118,297,CR(제어압연),934.0,8,2조,192.0
양품,프랑스,C,20,3600,39500,적용,3호기,2열,1140,68,1132,104,235,CR(제어압연),911.0,8,2조,221.0
양품,미국,C,17,3400,39600,적용,2호기,2열,1130,71,1130,112,240,CR(제어압연),935.0,10,2조,195.0
양품,영국,C,17,3400,39600,적용,2호기,2열,1130,71,1130,112,287,CR(제어압연),935.0,10,2조,195.0
양품,일본,C,14,3300,51200,적용,1호기,1열,1140,80,1131,117,286,CR(제어압연),915.0,10,2조,216.0
양품,일본,C,14,3300,51200,적용,1호기,2열,1142,74,1132,123,284,CR(제어압연),923.0,10,2조,209.0
양품,일본,C,14,3300,51200,적용,2호기,1열,1142,75,1131,122,284,CR(제어압연),913.0,10,2조,218.0
양품,프랑스,C,20,3400,41300,적용,3호기,1열,1134,69,1132,119,251,CR(제어압연),977.0,8,2조,155.0
양품,프랑스,C,20,3400,40300,적용,3호기,2열,1135,68,1142,103,273,CR(제어압연),985.0,8,2조,157.0
양품,일본,C,14,3300,51200,적용,1호기,1열,1143,65,1136,118,285,CR(제어압연),955.0,10,2조,181.0
양품,일본,C,14,3300,49100,적용,1호기,2열,1140,65,1136,119,245,CR(제어압연),955.0,10,2조,181.0
양품,일본,C,14,3300,51200,적용,2호기,1열,1147,83,1141,108,267,CR(제어압연),950.0,10,2조,191.0
양품,일본,C,14,3300,49100,적용,2호기,2열,1136,72,1145,117,244,CR(제어압연),952.0,10,2조,193.0
양품,일본,C,14,3300,49100,적용,1호기,1열,1131,70,1141,120,258,CR(제어압연),956.0,10,2조,185.0
양품,일본,C,14,3300,49100,적용,1호기,2열,1133,69,1143,123,282,CR(제어압연),920.0,10,2조,223.0
양품,일본,C,14,3300,44900,적용,2호기,2열,1145,114,1150,78,261,CR(제어압연),959.0,10,2조,191.0
양품,일본,C,14,3300,49100,적용,2호기,1열,1140,101,1151,95,263,CR(제어압연),918.0,10,2조,233.0
양품,일본,C,14,3100,41800,적용,3호기,1열,1129,65,1148,131,254,CR(제어압연),930.0,10,2조,218.0
불량,일본,C,14,3100,41800,적용,3호기,2열,1151,104,1155,75,262,CR(제어압연),930.0,9,2조,225.0
양품,일본,C,14,3100,41800,적용,1호기,1열,1154,121,1156,72,298,CR(제어압연),944.0,10,2조,212.0
양품,일본,C,14,3100,41800,적용,1호기,2열,1144,88,1154,107,273,CR(제어압연),930.0,10,2조,224.0
양품,일본,C,16,3100,39600,적용,2호기,2열,1144,118,1157,72,264,CR(제어압연),976.0,10,2조,181.0
양품,일본,C,16,2800,49700,적용,2호기,1열,1151,117,1158,80,262,CR(제어압연),956.0,10,2조,202.0
불량,한국,C,16,3100,54300,미적용,3호기,1열,1148,103,1153,91,288,CR(제어압연),937.0,10,2조,216.0
양품,일본,C,18,3100,41800,적용,3호기,2열,1150,118,1158,73,259,CR(제어압연),950.0,10,2조,208.0
불량,일본,C,18,3100,41800,적용,1호기,1열,1158,130,1162,54,272,CR(제어압연),1004.0,10,2조,158.0
양품,일본,C,18,3100,41800,적용,1호기,2열,1159,132,1164,54,286,CR(제어압연),961.0,10,1조,203.0
양품,일본,C,18,3100,41800,적용,2호기,1열,1146,108,1163,88,270,CR(제어압연),996.0,10,1조,167.0
불량,일본,C,18,3100,41800,적용,2호기,2열,1144,128,1159,65,290,CR(제어압연),995.0,9,1조,164.0
양품,일본,C,18,3100,41800,적용,3호기,1열,1141,106,1156,87,269,CR(제어압연),953.0,10,1조,203.0
양품,영국,C,17,2900,43100,적용,3호기,2열,1134,119,1158,72,262,CR(제어압연),956.0,10,1조,202.0
양품,일본,C,20,3100,39300,적용,1호기,1열,1167,131,1165,55,246,CR(제어압연),992.0,8,1조,173.0
양품,일본,C,20,3100,39300,적용,1호기,2열,1169,136,1167,56,294,CR(제어압연),988.0,8,1조,179.0
양품,일본,C,21,3000,43200,적용,3호기,1열,1135,120,1157,67,288,CR(제어압연),982.0,8,1조,175.0
양품,한국,C,14,2700,53900,적용,2호기,1열,1165,135,1164,61,263,CR(제어압연),967.0,10,1조,197.0
양품,일본,C,15,2500,43200,적용,2호기,2열,1143,118,1162,79,301,CR(제어압연),975.0,10,1조,187.0
불량,일본,C,16,2600,36800,적용,3호기,2열,1155,119,1166,72,250,CR(제어압연),1008.0,10,1조,158.0
불량,일본,C,16,2500,37400,적용,1호기,1열,1172,130,1166,62,256,CR(제어압연),1018.0,10,1조,148.0
불량,일본,C,16,2600,42900,적용,1호기,2열,1170,129,1167,64,267,CR(제어압연),1006.0,10,1조,161.0
양품,미국,C,15,2600,42400,적용,2호기,1열,1165,113,1164,71,242,CR(제어압연),999.0,10,1조,165.0
양품,프랑스,C,15,2600,42400,적용,2호기,1열,1165,113,1164,71,266,CR(제어압연),999.0,10,1조,165.0
불량,프랑스,C,17,2500,42700,적용,2호기,2열,1163,121,1163,70,258,CR(제어압연),1005.0,10,1조,158.0
불량,프랑스,C,18,2500,44000,적용,3호기,1열,1162,134,1162,62,253,CR(제어압연),1008.0,9,1조,154.0
불량,일본,C,18,2500,42700,적용,3호기,2열,1167,130,1166,63,249,CR(제어압연),1012.0,10,1조,154.0
불량,프랑스,C,19,2800,42900,적용,1호기,1열,1171,111,1165,60,243,CR(제어압연),1002.0,10,1조,163.0
불량,미국,C,19,2400,40000,적용,1호기,2열,1171,110,1167,61,272,CR(제어압연),1023.0,10,1조,144.0
불량,일본,C,20,2600,48900,적용,3호기,1열,1171,92,1166,56,206,CR(제어압연),1015.0,8,1조,151.0
불량,한국,C,20,2500,41100,적용,2호기,1열,1166,114,1165,60,240,CR(제어압연),1021.0,8,1조,144.0
불량,한국,C,20,2700,46000,적용,2호기,2열,1159,95,1165,65,229,CR(제어압연),1011.0,7,1조,154.0
불량,한국,C,20,2700,46000,적용,2호기,2열,1159,95,1165,65,233,CR(제어압연),1011.0,8,1조,154.0
불량,일본,C,20,2400,42700,적용,3호기,2열,1172,80,1169,72,238,CR(제어압연),1013.0,8,1조,156.0
불량,일본,C,20,2600,48800,적용,1호기,2열,1162,111,1164,69,273,CR(제어압연),1019.0,8,1조,145.0
불량,일본,C,20,2600,48800,적용,1호기,1열,1169,76,1166,74,241,CR(제어압연),1006.0,8,1조,160.0
불량,일본,C,20,2600,44800,적용,2호기,1열,1176,94,1170,59,256,CR(제어압연),1026.0,8,1조,144.0
불량,일본,C,20,2500,38700,적용,2호기,2열,1171,91,1170,57,235,CR(제어압연),1027.0,7,1조,143.0
불량,일본,C,20,2600,45800,적용,3호기,1열,1175,91,1167,60,214,CR(제어압연),1020.0,8,1조,147.0
불량,일본,C,20,2600,48800,적용,3호기,2열,1175,88,1169,61,250,CR(제어압연),1014.0,8,1조,155.0
불량,일본,C,20,2500,33500,적용,1호기,1열,1173,57,1168,73,210,CR(제어압연),1022.0,8,1조,146.0
불량,한국,C,21,2700,49900,적용,3호기,1열,1167,78,1165,63,231,CR(제어압연),1007.0,8,1조,158.0
불량,일본,C,22,2600,50000,적용,3호기,2열,1171,89,1167,50,214,CR(제어압연),1007.0,8,1조,160.0
불량,영국,C,22,2600,50000,적용,3호기,2열,1171,89,1167,50,244,CR(제어압연),1007.0,8,1조,160.0
불량,영국,C,22,2600,50000,적용,3호기,2열,1171,89,1167,50,198,CR(제어압연),1007.0,8,1조,160.0
불량,일본,C,20,2600,36500,적용,2호기,1열,1176,73,1169,56,200,CR(제어압연),1017.0,7,1조,152.0
불량,프랑스,C,20,2600,42100,적용,2호기,2열,1175,85,1167,58,245,CR(제어압연),1006.0,8,1조,161.0
불량,영국,C,20,2600,42100,적용,2호기,2열,1175,85,1167,58,244,CR(제어압연),1006.0,8,1조,161.0
불량,한국,C,23,2800,43500,적용,1호기,2열,1174,58,1169,82,224,CR(제어압연),1007.0,8,1조,162.0
불량,일본,C,25,2500,31400,적용,1호기,1열,1166,73,1164,57,233,CR(제어압연),1022.0,8,1조,142.0
불량,한국,C,30,2500,37800,적용,3호기,1열,1168,89,1164,50,213,CR(제어압연),1031.0,7,1조,133.0
불량,일본,C,35,2500,31200,적용,1호기,2열,1159,61,1162,72,218,CR(제어압연),1030.0,8,1조,132.0
불량,일본,C,35,2500,31200,적용,3호기,2열,1164,79,1167,61,239,CR(제어압연),1062.0,8,1조,105.0
불량,일본,C,40,2500,25100,적용,2호기,1열,1174,74,1167,60,228,CR(제어압연),1078.0,6,1조,89.0
불량,일본,C,40,2500,25100,적용,2호기,2열,1167,77,1165,58,222,CR(제어압연),1066.0,6,1조,99.0
불량,일본,C,55,2500,15300,적용,1호기,1열,1155,77,1155,55,229,CR(제어압연),1056.0,6,1조,99.0
불량,한국,C,35,2000,29900,적용,2호기,1열,1162,80,1162,47,207,CR(제어압연),1054.0,8,1조,108.0
불량,일본,C,80,2500,10500,적용,1호기,2열,1157,68,1159,67,221,CR(제어압연),1068.0,6,1조,91.0
불량,일본,C,40,2200,33400,적용,3호기,1열,1155,73,1161,55,213,CR(제어압연),1054.0,6,1조,107.0
불량,한국,C,35,2000,29900,적용,2호기,2열,1159,83,1160,52,232,CR(제어압연),1053.0,8,1조,107.0
양품,한국,C,32,2200,37400,적용,3호기,2열,1172,78,1167,52,227,CR(제어압연),902.0,8,1조,265.0
양품,한국,C,32,2200,37400,적용,1호기,1열,1163,77,1160,64,202,CR(제어압연),907.0,8,1조,253.0
불량,미국,C,21,2200,41700,적용,3호기,1열,1174,76,1167,49,223,CR(제어압연),1037.0,8,1조,130.0
불량,한국,C,21,2200,41700,적용,3호기,1열,1174,76,1167,49,229,CR(제어압연),1037.0,8,1조,130.0
불량,한국,C,32,2200,37400,미적용,1호기,2열,1166,75,1166,72,251,CR(제어압연),901.0,8,1조,265.0
양품,일본,C,20,2600,44600,적용,3호기,2열,1173,78,1167,55,201,CR(제어압연),976.0,8,1조,191.0
불량,한국,C,22,2300,36500,적용,2호기,1열,1162,74,1163,65,221,CR(제어압연),1005.0,8,1조,158.0
불량,영국,C,22,2300,36500,적용,2호기,1열,1162,74,1163,65,206,CR(제어압연),1005.0,7,1조,158.0
불량,미국,C,22,2200,36500,적용,2호기,2열,1164,71,1165,73,236,CR(제어압연),1006.0,8,1조,159.0
불량,한국,C,22,2200,36500,적용,2호기,2열,1164,71,1165,73,222,CR(제어압연),1006.0,8,1조,159.0
불량,일본,C,20,2600,45600,적용,1호기,1열,1165,78,1163,71,242,CR(제어압연),1004.0,8,1조,159.0
불량,일본,C,20,2200,41700,적용,3호기,1열,1170,66,1167,60,207,CR(제어압연),1018.0,8,1조,149.0
불량,일본,C,20,2200,43100,적용,3호기,2열,1171,65,1167,64,221,CR(제어압연),1030.0,8,1조,137.0
불량,일본,C,20,2200,36700,적용,1호기,2열,1171,99,1167,54,215,CR(제어압연),1005.0,8,1조,162.0
불량,일본,C,20,2000,42800,적용,2호기,1열,1165,76,1165,62,217,CR(제어압연),1024.0,8,1조,141.0
불량,영국,C,20,2200,43500,적용,2호기,2열,1161,62,1166,75,230,CR(제어압연),1027.0,8,1조,139.0
불량,일본,C,20,2200,42100,적용,1호기,2열,1177,88,1171,58,221,CR(제어압연),1035.0,8,1조,136.0
불량,일본,C,20,2200,43700,적용,1호기,1열,1169,77,1165,73,232,CR(제어압연),1031.0,8,1조,134.0
불량,프랑스,C,20,2100,43800,적용,2호기,1열,1161,74,1162,54,215,CR(제어압연),1016.0,10,1조,146.0
불량,일본,C,19,2000,38800,적용,2호기,2열,1172,72,1166,54,231,CR(제어압연),1027.0,10,1조,139.0
불량,일본,C,20,2000,40800,적용,3호기,1열,1170,67,1166,64,217,CR(제어압연),1035.0,8,1조,131.0
불량,프랑스,C,19,2100,43700,적용,3호기,2열,1147,56,1161,73,214,CR(제어압연),1017.0,10,1조,144.0
불량,일본,C,19,2000,38800,적용,1호기,1열,1164,76,1162,69,223,CR(제어압연),1029.0,10,1조,133.0
불량,프랑스,C,18,2200,43600,적용,1호기,2열,1166,80,1165,61,231,CR(제어압연),1014.0,10,2조,151.0
불량,일본,C,18,2400,42300,적용,2호기,1열,1156,66,1163,61,225,CR(제어압연),1010.0,10,2조,153.0
불량,한국,C,18,2400,42300,적용,2호기,1열,1156,66,1163,61,230,CR(제어압연),1010.0,10,2조,153.0
불량,프랑스,C,18,2300,40400,적용,2호기,2열,1160,65,1165,61,214,CR(제어압연),1015.0,10,2조,150.0
양품,일본,C,16,2200,43600,적용,3호기,2열,1163,57,1166,67,228,CR(제어압연),959.5744680851063,10,2조,206.42553191489367
양품,일본,C,16,2200,43600,적용,3호기,1열,1169,64,1164,61,188,CR(제어압연),959.5744680851063,10,2조,204.42553191489367
양품,일본,C,16,2200,43600,적용,1호기,1열,1166,68,1161,103,266,CR(제어압연),999.0,10,2조,162.0
양품,일본,C,16,2300,43200,적용,1호기,2열,1176,85,1165,87,276,CR(제어압연),1000.0,10,2조,165.0
양품,일본,C,20,2700,54300,적용,3호기,1열,1159,70,1157,89,264,CR(제어압연),991.0,8,2조,166.0
양품,한국,C,20,2700,54300,적용,3호기,1열,1159,70,1157,89,246,CR(제어압연),991.0,8,2조,166.0
양품,한국,C,20,2700,54300,적용,3호기,1열,1159,70,1157,89,229,CR(제어압연),991.0,8,2조,166.0
양품,한국,C,23,2800,46400,적용,3호기,2열,1163,68,1159,83,228,CR(제어압연),995.0,8,2조,164.0
양품,한국,C,14,2800,50200,적용,2호기,1열,1143,59,1156,103,256,CR(제어압연),945.0,10,2조,211.0
양품,한국,C,14,2800,50300,적용,2호기,2열,1161,78,1157,83,238,CR(제어압연),941.0,10,2조,216.0
양품,미국,C,16,2700,48800,적용,1호기,1열,1169,64,1158,94,213,CR(제어압연),962.0,10,2조,196.0
양품,프랑스,C,16,2700,53000,적용,1호기,2열,1176,84,1163,78,242,CR(제어압연),952.0,10,2조,211.0
양품,독일,C,16,2700,53000,적용,1호기,2열,1176,84,1163,78,252,CR(제어압연),952.0,10,2조,211.0
양품,영국,C,16,2700,53000,적용,1호기,2열,1176,84,1163,78,237,CR(제어압연),952.0,10,2조,211.0
양품,한국,C,23,2800,46400,적용,3호기,1열,1161,68,1156,85,213,CR(제어압연),979.0,8,2조,177.0
양품,한국,C,23,2800,46400,적용,3호기,2열,1163,68,1158,85,224,CR(제어압연),993.0,8,2조,165.0
불량,일본,C,30,2300,30700,적용,2호기,2열,1167,81,1157,80,230,CR(제어압연),1038.0,8,2조,119.0
불량,프랑스,C,30,2200,38900,적용,2호기,1열,1155,74,1153,92,249,CR(제어압연),1004.0,8,2조,149.0
불량,영국,C,30,2200,38900,적용,2호기,1열,1155,74,1153,92,256,CR(제어압연),1004.0,8,2조,149.0
불량,영국,C,30,2200,38900,적용,2호기,1열,1155,74,1153,92,261,CR(제어압연),1004.0,8,2조,149.0
불량,일본,C,30,2300,30700,적용,1호기,1열,1164,66,1158,92,237,CR(제어압연),1022.0,8,2조,136.0
불량,일본,C,40,2200,30700,적용,3호기,1열,1162,78,1156,78,250,CR(제어압연),1043.0,6,2조,113.0
불량,일본,C,30,2300,30700,적용,1호기,2열,1163,61,1159,87,217,CR(제어압연),1024.0,8,2조,135.0
불량,일본,C,30,2300,30700,적용,2호기,1열,1154,72,1155,85,231,CR(제어압연),1029.0,8,2조,126.0
불량,일본,C,40,2200,30700,적용,3호기,2열,1154,65,1156,96,235,CR(제어압연),1046.0,6,2조,110.0
불량,일본,C,30,2300,30700,적용,2호기,2열,1162,82,1156,92,254,CR(제어압연),1035.0,8,2조,121.0
불량,일본,C,30,2300,30700,적용,3호기,1열,1164,62,1159,84,226,CR(제어압연),1034.0,8,2조,125.0
불량,일본,C,30,2300,30700,적용,3호기,2열,1165,79,1158,85,249,CR(제어압연),1032.0,8,2조,126.0
불량,일본,C,30,2300,30700,적용,1호기,1열,1164,77,1157,95,267,CR(제어압연),1031.0,8,2조,126.0
불량,일본,C,30,2300,30700,적용,1호기,2열,1160,65,1158,88,233,CR(제어압연),1032.0,8,2조,126.0
불량,일본,C,30,2300,30700,적용,2호기,1열,1153,74,1155,94,229,CR(제어압연),1020.0,8,2조,135.0
불량,일본,C,30,2300,30700,적용,2호기,2열,1160,71,1157,97,237,CR(제어압연),1012.0,8,2조,145.0
불량,일본,C,30,2300,30700,적용,1호기,1열,1155,73,1154,93,270,CR(제어압연),1022.0,8,2조,132.0
불량,일본,C,30,2300,30700,적용,2호기,1열,1151,65,1155,90,254,CR(제어압연),1031.0,8,2조,124.0
불량,일본,C,30,2300,30700,적용,1호기,2열,1163,105,1159,51,229,CR(제어압연),1034.0,8,2조,125.0
불량,일본,C,40,2200,30700,적용,3호기,1열,1159,103,1155,52,219,CR(제어압연),1053.0,6,2조,102.0
불량,일본,C,40,2200,30700,적용,3호기,2열,1158,73,1156,91,270,CR(제어압연),1053.0,6,2조,103.0
불량,한국,C,23,2300,34300,적용,2호기,2열,1143,67,1153,97,222,CR(제어압연),1007.0,8,2조,146.0
불량,한국,C,23,2300,34300,적용,1호기,1열,1160,107,1156,60,236,CR(제어압연),1006.0,8,2조,150.0
양품,한국,C,23,2300,34300,적용,1호기,2열,1153,91,1153,59,245,CR(제어압연),997.0,8,2조,156.0
불량,영국,C,20,2000,41900,적용,2호기,1열,1158,88,1153,53,201,CR(제어압연),1002.0,8,2조,151.0
불량,영국,C,20,2000,41900,적용,2호기,1열,1158,88,1153,53,220,CR(제어압연),1002.0,8,2조,151.0
불량,일본,C,20,2200,42400,적용,2호기,2열,1155,95,1154,44,202,CR(제어압연),986.0,7,2조,168.0
불량,일본,C,40,2200,30700,적용,3호기,1열,1158,105,1154,52,234,CR(제어압연),1043.0,6,2조,111.0
불량,일본,C,40,2200,30700,적용,3호기,2열,1161,105,1155,58,265,CR(제어압연),1029.0,6,2조,126.0
불량,영국,C,19,2300,36900,적용,1호기,1열,1159,99,1154,56,242,CR(제어압연),1019.0,10,2조,135.0
양품,영국,C,19,2000,42900,적용,1호기,2열,1150,82,1150,58,223,CR(제어압연),989.0,10,2조,161.0
불량,일본,C,20,2000,42800,적용,2호기,1열,1149,96,1149,44,202,CR(제어압연),1021.0,8,2조,128.0
양품,일본,C,20,2200,36600,적용,2호기,2열,1151,98,1151,40,220,CR(제어압연),996.0,8,2조,155.0
불량,일본,C,20,2000,42800,적용,3호기,1열,1154,91,1152,59,211,CR(제어압연),1010.0,8,2조,142.0
불량,일본,C,20,2100,43000,적용,3호기,2열,1150,97,1151,60,261,CR(제어압연),1012.0,8,2조,139.0
불량,한국,C,40,2500,21500,적용,2호기,1열,1139,101,1144,38,238,CR(제어압연),1029.0,6,2조,115.0
불량,일본,C,20,2200,41500,적용,1호기,1열,1154,101,1152,53,220,CR(제어압연),1002.0,7,2조,150.0
불량,일본,C,50,2500,18900,적용,1호기,2열,1132,93,1141,55,216,CR(제어압연),1032.0,6,2조,109.0
불량,일본,C,38,2500,17900,적용,3호기,1열,1145,98,1150,60,225,CR(제어압연),1048.0,8,2조,102.0
불량,한국,C,30,2500,27300,적용,3호기,2열,1149,89,1152,54,198,CR(제어압연),1019.0,8,2조,133.0
불량,일본,C,25,2500,31400,적용,1호기,1열,1145,101,1148,47,251,CR(제어압연),1023.0,8,2조,125.0
불량,일본,C,40,2500,16900,적용,2호기,2열,1139,103,1147,51,242,CR(제어압연),1034.0,6,2조,113.0
불량,독일,C,25,2500,36300,적용,1호기,2열,1129,97,1137,46,203,CR(제어압연),1020.0,8,2조,117.0
불량,일본,C,25,2500,36300,적용,1호기,2열,1129,97,1137,46,221,CR(제어압연),1020.0,8,2조,117.0
불량,영국,C,25,2500,36300,적용,1호기,2열,1129,97,1137,46,237,CR(제어압연),1020.0,8,2조,117.0
불량,영국,C,25,2500,36300,적용,1호기,2열,1129,97,1137,46,231,CR(제어압연),1020.0,8,2조,117.0
불량,미국,C,24,2600,42000,적용,2호기,1열,1135,96,1145,50,205,CR(제어압연),1003.0,8,2조,142.0
불량,영국,C,24,2600,42000,적용,2호기,1열,1135,96,1145,50,239,CR(제어압연),1003.0,8,2조,142.0
불량,한국,C,23,2300,34300,적용,2호기,2열,1133,103,1144,44,249,CR(제어압연),1011.0,8,2조,133.0
불량,한국,C,23,2300,34300,적용,3호기,1열,1135,88,1147,65,221,CR(제어압연),1007.0,8,2조,140.0
불량,한국,C,23,2300,34300,적용,3호기,2열,1133,89,1148,63,207,CR(제어압연),1005.0,8,2조,143.0
불량,영국,C,19,2500,36900,적용,1호기,2열,1133,61,1141,46,187,CR(제어압연),1006.0,10,2조,135.0
양품,한국,C,23,2300,34300,적용,1호기,1열,1139,64,1145,50,194,CR(제어압연),998.0,8,2조,147.0
양품,프랑스,C,20,2500,35700,적용,2호기,1열,1141,59,1147,48,199,CR(제어압연),987.0,10,1조,160.0
양품,영국,C,20,2500,35700,적용,2호기,1열,1141,59,1147,48,212,CR(제어압연),987.0,10,1조,160.0
불량,일본,C,16,2600,37300,적용,3호기,1열,1138,57,1148,57,182,CR(제어압연),968.0,9,1조,180.0
양품,일본,C,18,2500,42700,적용,2호기,2열,1128,104,1146,52,254,CR(제어압연),980.0,10,1조,166.0
양품,일본,C,16,2600,37300,적용,3호기,2열,1140,107,1148,49,213,CR(제어압연),973.0,10,1조,175.0
불량,일본,C,16,2600,37300,미적용,1호기,1열,1153,67,1151,44,190,CR(제어압연),976.0,10,1조,175.0
양품,프랑스,C,15,2700,43600,적용,1호기,2열,1131,61,1138,47,165,CR(제어압연),956.0,10,1조,182.0
양품,독일,C,15,2700,43600,적용,1호기,2열,1131,61,1138,47,206,CR(제어압연),956.0,10,1조,182.0
양품,일본,C,15,2700,43600,적용,1호기,2열,1131,61,1138,47,171,CR(제어압연),956.0,10,1조,182.0
불량,일본,C,16,2500,37400,적용,2호기,1열,1140,83,1149,50,206,CR(제어압연),971.0,9,1조,178.0
불량,일본,C,16,2500,37400,적용,2호기,2열,1152,73,1153,35,186,CR(제어압연),985.0,9,1조,168.0
불량,일본,C,16,2500,37400,미적용,3호기,1열,1144,56,1150,59,219,CR(제어압연),972.0,10,1조,178.0
양품,일본,C,16,2500,37400,적용,3호기,2열,1149,71,1151,51,181,CR(제어압연),973.0,10,1조,178.0
양품,일본,C,16,2500,37400,적용,1호기,1열,1145,62,1147,49,180,CR(제어압연),968.0,10,1조,179.0
양품,일본,C,15,2500,42400,적용,1호기,2열,1121,60,1132,49,191,CR(제어압연),969.0,10,1조,163.0
양품,일본,C,15,2500,42400,적용,2호기,1열,1138,58,1149,59,210,CR(제어압연),973.0,10,1조,176.0
양품,독일,C,15,2600,42600,적용,2호기,2열,1148,60,1152,43,192,CR(제어압연),993.0,10,1조,159.0
양품,프랑스,C,15,2700,42100,적용,3호기,1열,1140,63,1149,62,195,CR(제어압연),957.0,10,1조,192.0
불량,한국,C,21,2800,44900,적용,3호기,2열,1146,64,1151,62,223,CR(제어압연),971.0,7,1조,180.0
불량,미국,C,22,2600,46000,미적용,1호기,1열,1134,61,1140,55,193,CR(제어압연),972.0,8,1조,168.0
양품,일본,C,22,2600,46000,적용,1호기,1열,1134,61,1140,55,221,CR(제어압연),972.0,8,1조,168.0
양품,한국,C,21,2800,44900,적용,1호기,2열,1114,60,1130,58,224,CR(제어압연),959.0,8,1조,171.0
양품,프랑스,C,20,2500,43500,적용,3호기,1열,1137,75,1145,48,207,CR(제어압연),976.0,8,1조,169.0
양품,일본,C,16,3100,41700,적용,3호기,2열,1133,68,1145,48,187,CR(제어압연),913.0,10,1조,232.0
양품,한국,C,20,2700,46000,적용,2호기,1열,1136,57,1147,57,185,CR(제어압연),956.0,8,1조,191.0
양품,한국,C,20,2500,48500,적용,2호기,2열,1135,55,1147,47,187,CR(제어압연),958.0,8,1조,189.0
양품,일본,C,16,2800,49700,적용,1호기,1열,1137,61,1142,55,208,CR(제어압연),945.0,10,1조,197.0
양품,일본,C,16,2800,49700,적용,1호기,2열,1125,76,1138,66,208,CR(제어압연),934.0,10,1조,204.0
양품,프랑스,C,17,3000,39000,적용,2호기,1열,1110,64,1142,52,211,CR(제어압연),951.0,10,1조,191.0
양품,영국,C,17,3100,49200,적용,3호기,1열,1126,74,1147,55,206,CR(제어압연),939.0,10,1조,208.0
양품,영국,C,17,3100,49200,적용,3호기,1열,1126,74,1147,55,189,CR(제어압연),939.0,10,1조,208.0
양품,미국,C,17,2900,54200,적용,3호기,2열,1140,64,1154,54,214,CR(제어압연),947.0,10,1조,207.0
불량,프랑스,C,17,2900,54200,적용,3호기,2열,1140,64,1154,54,182,CR(제어압연),947.0,9,1조,207.0
양품,일본,C,18,3100,29400,적용,2호기,2열,1112,57,1145,57,187,CR(제어압연),970.0,10,1조,175.0
양품,일본,C,18,3100,36500,적용,1호기,1열,1124,62,1139,57,186,CR(제어압연),975.0,10,1조,164.0
양품,일본,C,18,3100,36500,적용,2호기,2열,1124,62,1148,52,178,CR(제어압연),982.0,10,1조,166.0
불량,일본,C,18,3100,41800,적용,1호기,2열,1115,58,1136,64,209,CR(제어압연),971.0,9,1조,165.0
양품,일본,C,18,3100,41800,적용,2호기,1열,1126,62,1152,59,224,CR(제어압연),979.0,10,1조,173.0
불량,일본,C,25,3100,37400,적용,3호기,1열,1129,63,1151,58,216,CR(제어압연),991.0,7,1조,160.0
불량,미국,C,23,3200,39000,적용,3호기,2열,1133,64,1154,56,187,CR(제어압연),988.0,7,1조,166.0
양품,일본,C,20,3000,39000,적용,1호기,1열,1134,69,1143,58,212,CR(제어압연),977.0,8,1조,166.0
양품,일본,C,20,2900,37100,적용,1호기,2열,1115,96,1139,70,249,CR(제어압연),983.0,8,1조,156.0
양품,일본,C,20,2900,37200,적용,2호기,1열,1141,63,1161,57,190,CR(제어압연),995.0,8,1조,166.0
양품,일본,C,20,2900,37200,적용,2호기,2열,1149,100,1160,57,249,CR(제어압연),985.0,8,1조,175.0
양품,영국,C,22,3100,32200,적용,3호기,1열,1130,66,1150,58,229,CR(제어압연),984.0,8,1조,166.0
양품,영국,C,25,3000,31000,적용,3호기,2열,1140,66,1155,55,188,CR(제어압연),899.0,8,1조,256.0
양품,미국,C,26,2800,28900,적용,1호기,1열,1150,63,1154,59,197,CR(제어압연),993.0,8,1조,161.0
양품,일본,C,25,3100,37400,적용,3호기,1열,1142,62,1158,56,187,CR(제어압연),992.0,8,1조,166.0
양품,일본,C,24,3000,20700,적용,1호기,2열,1135,89,1149,73,221,CR(제어압연),987.0,8,1조,162.0
양품,미국,C,25,2900,40400,적용,3호기,2열,1144,63,1159,58,221,CR(제어압연),989.0,8,1조,170.0
양품,영국,C,25,2900,40400,적용,3호기,2열,1144,63,1159,58,182,CR(제어압연),989.0,8,1조,170.0
양품,영국,C,24,2800,31700,적용,2호기,2열,1136,73,1160,71,220,CR(제어압연),976.0,8,1조,184.0
양품,영국,C,24,2800,31700,적용,2호기,2열,1136,60,1160,71,196,CR(제어압연),976.0,8,1조,184.0
양품,일본,C,30,3100,25100,적용,2호기,1열,1172,74,1166,59,219,CR(제어압연),972.0,8,1조,194.0
불량,일본,C,38,3100,19000,적용,1호기,1열,1168,68,1163,57,215,CR(제어압연),1009.0,8,1조,154.0
불량,한국,C,30,3500,28200,적용,3호기,1열,1145,65,1159,53,216,CR(제어압연),1009.0,7,1조,150.0
불량,미국,C,25,3400,32500,미적용,3호기,2열,1137,60,1167,66,212,CR(제어압연),989.0,8,1조,178.0
양품,프랑스,C,20,3300,37800,적용,1호기,2열,1133,61,1149,76,221,CR(제어압연),970.0,8,1조,179.0
양품,프랑스,C,20,3200,34200,적용,2호기,1열,1144,65,1161,63,194,CR(제어압연),987.0,8,1조,174.0
양품,영국,C,20,3200,34200,적용,2호기,1열,1144,65,1161,63,213,CR(제어압연),987.0,8,1조,174.0
양품,프랑스,C,20,3300,34500,적용,2호기,2열,1142,58,1162,70,205,CR(제어압연),981.0,8,1조,181.0
양품,영국,C,21,3400,38800,적용,1호기,2열,1126,57,1144,68,195,CR(제어압연),972.0,8,1조,172.0
양품,프랑스,C,20,3300,28700,적용,1호기,1열,1176,68,1168,58,209,CR(제어압연),960.0,10,1조,208.0
불량,프랑스,C,19,3300,42900,적용,2호기,1열,1157,63,1161,62,197,CR(제어압연),975.0,9,1조,186.0
양품,프랑스,C,20,3300,29000,적용,2호기,2열,1168,64,1168,61,186,CR(제어압연),979.0,10,1조,189.0
양품,프랑스,C,19,3300,42700,적용,3호기,1열,1158,73,1166,56,212,CR(제어압연),980.0,10,1조,186.0
양품,영국,C,19,3600,41000,적용,3호기,2열,1176,72,1169,55,205,CR(제어압연),976.0,10,2조,193.0
양품,프랑스,C,20,3300,28800,적용,1호기,1열,1162,72,1159,56,215,CR(제어압연),975.0,10,2조,184.0
양품,미국,C,18,3200,42500,적용,1호기,2열,1158,65,1159,68,214,CR(제어압연),971.0,10,2조,188.0
양품,프랑스,C,18,3200,42500,적용,1호기,2열,1158,65,1159,68,201,CR(제어압연),971.0,10,2조,188.0
양품,영국,C,18,3200,42500,적용,1호기,2열,1158,65,1159,68,226,CR(제어압연),971.0,10,2조,188.0
불량,영국,C,18,3600,43200,적용,2호기,1열,1158,71,1168,56,216,CR(제어압연),962.0,9,2조,206.0
불량,미국,C,18,3600,34400,미적용,2호기,2열,1115,57,1160,71,193,CR(제어압연),964.0,10,2조,196.0
양품,프랑스,C,16,3300,36800,적용,3호기,1열,1165,72,1164,56,194,CR(제어압연),969.0,10,2조,195.0
양품,프랑스,C,16,3500,38900,적용,3호기,2열,1155,71,1164,56,198,CR(제어압연),945.0,10,2조,219.0
양품,영국,C,16,3500,38900,적용,3호기,2열,1155,71,1164,56,206,CR(제어압연),945.0,10,2조,219.0
양품,미국,C,14,3400,54200,적용,1호기,1열,1145,61,1155,68,196,CR(제어압연),886.0,10,2조,269.0
양품,미국,C,13,3400,48800,적용,1호기,2열,1134,68,1149,75,246,CR(제어압연),898.0,10,2조,251.0
양품,영국,C,13,3400,48800,적용,1호기,2열,1134,68,1149,75,229,CR(제어압연),898.0,10,2조,251.0
불량,영국,C,13,3500,53900,적용,2호기,1열,1172,78,1171,48,215,CR(제어압연),923.0,9,2조,248.0
양품,한국,C,13,3500,54000,적용,3호기,1열,1169,64,1170,61,224,CR(제어압연),929.0,10,2조,241.0
양품,일본,C,13,3500,54000,적용,3호기,1열,1169,64,1170,61,188,CR(제어압연),929.0,10,2조,241.0
양품,영국,C,13,3500,54000,적용,3호기,1열,1169,64,1170,61,194,CR(제어압연),929.0,10,2조,241.0
양품,미국,C,14,3300,53700,적용,3호기,2열,1172,68,1173,57,188,CR(제어압연),916.0,10,2조,257.0
양품,한국,C,14,3300,53700,적용,3호기,2열,1172,68,1173,57,224,CR(제어압연),916.0,10,2조,257.0
양품,영국,C,12,3400,41200,적용,2호기,2열,1175,76,1174,58,223,CR(제어압연),907.0,10,2조,267.0
양품,영국,C,12,3400,41200,적용,1호기,1열,1184,72,1174,58,201,CR(제어압연),905.0,10,2조,269.0
불량,프랑스,C,12,3300,42700,적용,1호기,2열,1183,63,1173,69,216,CR(제어압연),911.0,9,2조,262.0
불량,영국,C,12,3300,42700,미적용,1호기,2열,1183,63,1173,69,233,CR(제어압연),911.0,10,2조,262.0
양품,일본,C,12,3300,42700,적용,1호기,2열,1183,63,1173,69,190,CR(제어압연),911.0,10,2조,262.0
양품,미국,C,13,3200,43200,적용,2호기,1열,1174,73,1170,51,228,CR(제어압연),937.0,10,2조,233.0
양품,영국,C,18,3600,37000,적용,2호기,2열,1184,91,1169,53,237,CR(제어압연),964.0,10,2조,205.0
양품,프랑스,C,17,3300,35000,적용,3호기,1열,1168,72,1167,64,214,CR(제어압연),984.0,10,2조,183.0
양품,영국,C,19,3600,41000,적용,3호기,2열,1175,75,1170,60,230,CR(제어압연),993.0,10,2조,177.0
양품,미국,C,18,3400,29600,적용,1호기,1열,1174,62,1169,70,216,CR(제어압연),993.0,10,2조,176.0
양품,프랑스,C,18,3400,29600,적용,1호기,1열,1174,62,1169,70,226,CR(제어압연),993.0,10,2조,176.0
양품,영국,C,19,3600,41000,적용,3호기,1열,1186,73,1172,53,232,CR(제어압연),993.0,10,2조,179.0
양품,프랑스,C,19,3300,28700,적용,1호기,2열,1181,66,1169,70,191,CR(제어압연),998.0,10,2조,171.0
양품,미국,C,19,3500,27100,적용,2호기,2열,1180,77,1168,64,236,CR(제어압연),988.0,10,2조,180.0
양품,프랑스,C,20,3600,37700,적용,3호기,2열,1178,75,1167,57,206,CR(제어압연),977.0,8,2조,190.0
양품,영국,C,22,3400,36800,적용,2호기,1열,1175,75,1167,64,229,CR(제어압연),973.0,8,2조,194.0
양품,프랑스,C,20,3600,39300,적용,3호기,1열,1181,70,1172,50,226,CR(제어압연),978.0,8,2조,194.0
양품,프랑스,C,20,3600,39300,적용,3호기,2열,1177,61,1170,60,200,CR(제어압연),993.0,8,2조,177.0
불량,영국,C,24,3700,24000,적용,1호기,1열,1158,62,1161,75,215,CR(제어압연),1004.0,8,2조,157.0
양품,미국,C,22,3800,32000,적용,2호기,1열,1166,71,1165,61,199,CR(제어압연),951.0,8,2조,214.0
불량,영국,C,22,3800,32000,미적용,2호기,1열,1166,71,1165,61,235,CR(제어압연),951.0,8,2조,214.0
양품,영국,C,22,3800,21200,적용,2호기,2열,1158,68,1166,73,210,CR(제어압연),955.0,8,2조,211.0
양품,영국,C,22,3700,34800,적용,1호기,2열,1150,70,1157,84,229,CR(제어압연),966.0,8,2조,191.0
불량,영국,C,22,3700,34800,적용,3호기,1열,1191,68,1176,52,213,CR(제어압연),998.0,7,2조,178.0
불량,영국,C,22,3700,34800,미적용,1호기,2열,1165,68,1164,75,225,CR(제어압연),991.0,8,2조,173.0
양품,영국,C,22,3700,34800,적용,2호기,1열,1189,70,1174,60,235,CR(제어압연),997.0,8,2조,177.0
양품,영국,C,22,3700,34800,적용,3호기,2열,1146,61,1162,66,224,CR(제어압연),987.0,8,2조,175.0
양품,프랑스,C,19,3700,37800,적용,1호기,2열,1174,72,1168,67,216,CR(제어압연),990.0,10,2조,178.0
양품,프랑스,C,20,3800,38500,적용,3호기,1열,1183,81,1170,44,221,CR(제어압연),982.0,8,2조,188.0
불량,미국,C,18,3700,32800,적용,1호기,1열,1190,70,1177,73,224,CR(제어압연),973.0,10,2조,204.0
불량,영국,C,18,3700,32800,적용,1호기,1열,1190,70,1177,73,240,CR(제어압연),973.0,9,2조,204.0
불량,영국,C,17,3600,33400,적용,2호기,2열,1189,73,1176,49,199,CR(제어압연),949.0,10,2조,227.0
불량,프랑스,C,17,3600,40400,적용,2호기,1열,1173,66,1176,55,209,CR(제어압연),951.0,10,2조,225.0
불량,영국,C,17,3600,40400,적용,2호기,1열,1173,66,1176,55,227,CR(제어압연),951.0,10,2조,225.0
양품,영국,C,16,3700,47500,적용,3호기,2열,1169,76,1165,53,202,CR(제어압연),925.0,10,2조,240.0
양품,미국,C,13,3900,49400,적용,1호기,1열,1183,73,1175,66,241,CR(제어압연),904.0,10,2조,271.0
불량,미국,C,13,3900,49400,미적용,1호기,2열,1184,72,1173,67,231,CR(제어압연),904.0,10,2조,269.0
양품,프랑스,C,12,4300,41600,적용,2호기,1열,1169,70,1169,43,216,CR(제어압연),900.0,10,2조,269.0
양품,영국,C,12,4300,41600,적용,2호기,1열,1169,70,1169,43,209,CR(제어압연),900.0,10,2조,269.0
양품,영국,C,14,4300,50800,적용,3호기,1열,1144,71,1156,56,192,CR(제어압연),892.0,10,2조,264.0
양품,영국,C,14,4200,50600,적용,3호기,2열,1150,72,1159,55,197,CR(제어압연),909.0,10,2조,250.0
양품,프랑스,C,16,4600,24100,적용,2호기,2열,1174,71,1167,58,190,CR(제어압연),933.0,10,2조,234.0
불량,미국,C,18,4300,24400,적용,1호기,1열,1191,78,1179,50,185,CR(제어압연),966.0,10,2조,213.0
양품,영국,C,18,4400,28600,적용,1호기,2열,1149,67,1156,64,216,CR(제어압연),954.0,10,2조,202.0
불량,영국,C,20,4500,20700,적용,2호기,1열,1154,77,1160,50,182,CR(제어압연),961.0,7,2조,199.0
양품,영국,C,20,4500,20700,적용,2호기,2열,1163,82,1160,53,191,CR(제어압연),959.0,8,2조,201.0
양품,영국,C,21,4100,30200,적용,3호기,1열,1139,64,1158,64,203,CR(제어압연),966.0,8,2조,192.0
불량,한국,C,24,4500,20900,적용,3호기,2열,1149,63,1164,65,226,CR(제어압연),976.0,7,2조,188.0
양품,영국,C,24,4100,28300,적용,1호기,1열,1169,70,1168,59,194,CR(제어압연),989.0,8,2조,179.0
양품,영국,C,24,4100,18900,적용,1호기,2열,1158,86,1156,57,200,CR(제어압연),985.0,8,2조,171.0
양품,영국,C,24,4600,17300,적용,2호기,1열,1146,75,1157,52,207,CR(제어압연),957.0,8,2조,200.0
양품,영국,C,24,4600,17300,적용,2호기,2열,1160,77,1160,64,226,CR(제어압연),956.0,8,2조,204.0
양품,영국,C,16,4100,27000,적용,3호기,1열,1195,65,1174,64,221,CR(제어압연),942.0,10,2조,232.0
양품,영국,C,16,4100,27000,적용,3호기,1열,1195,65,1174,64,234,CR(제어압연),942.0,10,1조,232.0
불량,미국,C,13,4200,38600,적용,3호기,2열,1202,71,1178,60,210,CR(제어압연),907.0,10,1조,271.0
불량,한국,C,13,3500,40700,적용,1호기,1열,1203,78,1185,52,210,CR(제어압연),890.0,9,1조,295.0
양품,독일,C,14,3500,43000,적용,3호기,1열,1189,63,1175,60,218,CR(제어압연),884.0,10,1조,291.0
양품,한국,C,14,3500,43000,적용,3호기,1열,1189,63,1175,60,220,CR(제어압연),884.0,10,1조,291.0
양품,영국,C,14,3500,43000,적용,3호기,1열,1189,63,1175,60,215,CR(제어압연),884.0,10,1조,291.0
양품,미국,C,12,3400,43100,적용,1호기,2열,1184,76,1172,70,247,CR(제어압연),906.0,10,1조,266.0
양품,한국,C,12,3400,43100,적용,1호기,2열,1184,76,1172,70,222,CR(제어압연),906.0,10,1조,266.0
양품,영국,C,12,3400,43100,적용,1호기,2열,1184,76,1172,70,218,CR(제어압연),906.0,10,1조,266.0
양품,미국,C,13,3200,43100,적용,2호기,1열,1182,72,1172,57,185,CR(제어압연),877.0,10,1조,295.0
양품,영국,C,13,3200,43100,적용,2호기,1열,1182,72,1172,57,191,CR(제어압연),877.0,10,1조,295.0
양품,영국,C,13,3200,43100,적용,2호기,1열,1182,72,1172,57,206,CR(제어압연),877.0,10,1조,295.0
불량,미국,C,15,3400,37000,적용,3호기,2열,1197,72,1178,56,232,CR(제어압연),940.0,10,1조,238.0
불량,일본,C,15,3400,37000,미적용,3호기,2열,1197,72,1178,56,213,CR(제어압연),940.0,10,1조,238.0
불량,독일,C,14,3400,37400,미적용,2호기,2열,1168,72,1171,79,245,CR(제어압연),935.0,10,1조,236.0
불량,프랑스,C,15,3300,39700,적용,3호기,1열,1196,65,1181,51,204,CR(제어압연),937.0,10,1조,244.0
불량,영국,C,15,3300,39700,미적용,3호기,1열,1196,65,1181,51,179,CR(제어압연),937.0,10,1조,244.0
불량,영국,C,15,3300,39700,적용,3호기,1열,1196,65,1181,51,172,CR(제어압연),937.0,10,1조,244.0
불량,영국,C,15,3300,39900,적용,1호기,1열,1199,73,1183,55,214,CR(제어압연),952.0,10,1조,231.0
불량,영국,C,15,3300,39900,적용,1호기,1열,1199,73,1183,55,210,CR(제어압연),952.0,10,1조,231.0
양품,영국,C,15,3600,39500,적용,1호기,2열,1164,111,1167,75,250,CR(제어압연),933.0,10,1조,234.0
양품,미국,C,16,3300,37600,적용,2호기,1열,1180,68,1175,59,198,CR(제어압연),935.0,10,1조,240.0
양품,영국,C,16,3300,37600,적용,2호기,1열,1180,68,1175,59,184,CR(제어압연),935.0,10,1조,240.0
불량,미국,C,16,3600,31400,적용,3호기,2열,1199,67,1181,56,203,CR(제어압연),936.0,10,1조,245.0
불량,영국,C,17,3500,36100,적용,1호기,2열,1181,74,1176,64,221,CR(제어압연),936.0,10,1조,240.0
불량,영국,C,17,3500,36100,적용,1호기,2열,1181,76,1176,64,246,CR(제어압연),936.0,10,1조,240.0
불량,미국,C,18,3400,35200,적용,3호기,1열,1205,76,1185,45,215,CR(제어압연),994.0,10,1조,191.0
불량,영국,C,18,3400,35200,적용,3호기,1열,1205,76,1185,45,204,CR(제어압연),994.0,10,1조,191.0
불량,영국,C,18,3400,35200,적용,3호기,1열,1205,76,1185,45,199,CR(제어압연),994.0,10,1조,191.0
양품,프랑스,C,15,3300,36000,적용,2호기,2열,1196,60,1172,60,215,CR(제어압연),932.0,10,1조,240.0
양품,영국,C,15,3300,36000,적용,2호기,2열,1196,60,1172,60,208,CR(제어압연),932.0,10,1조,240.0
불량,영국,C,17,3500,35600,적용,1호기,1열,1198,84,1179,57,214,CR(제어압연),934.0,10,1조,245.0
불량,영국,C,17,3500,35600,적용,1호기,1열,1198,114,1179,57,230,CR(제어압연),934.0,10,1조,245.0
불량,영국,C,18,3500,31900,적용,2호기,1열,1202,62,1184,49,182,CR(제어압연),955.0,10,1조,229.0
불량,영국,C,18,3400,35300,적용,3호기,2열,1206,72,1184,52,230,CR(제어압연),998.0,10,1조,186.0
불량,영국,C,18,3400,35300,적용,3호기,2열,1206,72,1184,52,201,CR(제어압연),998.0,10,1조,186.0
양품,한국,C,20,3300,30900,적용,2호기,2열,1191,62,1174,58,203,CR(제어압연),982.0,8,1조,192.0
양품,영국,C,20,3300,30900,적용,2호기,2열,1191,62,1174,58,204,CR(제어압연),982.0,8,1조,192.0
양품,영국,C,22,3800,29900,적용,1호기,1열,1159,64,1155,53,182,CR(제어압연),978.0,8,1조,177.0
양품,영국,C,22,3700,34800,적용,1호기,2열,1185,56,1173,56,167,CR(제어압연),986.0,8,1조,187.0
양품,미국,C,23,3200,31400,적용,2호기,2열,1161,64,1166,51,219,CR(제어압연),984.0,8,1조,182.0
양품,독일,C,18,3600,41000,적용,3호기,1열,1185,80,1171,48,203,CR(제어압연),958.0,10,1조,213.0
불량,영국,C,18,3600,41000,미적용,3호기,1열,1185,80,1171,48,186,CR(제어압연),958.0,10,1조,213.0
불량,영국,C,18,3600,41800,적용,3호기,2열,1198,81,1179,47,223,CR(제어압연),960.0,10,1조,219.0
양품,일본,C,14,3300,51200,적용,2호기,1열,1187,69,1167,46,218,CR(제어압연),908.0,10,1조,259.0
양품,미국,C,14,3300,53200,적용,1호기,1열,1181,119,1174,53,260,CR(제어압연),914.0,10,1조,260.0
양품,한국,C,14,3300,53200,적용,1호기,1열,1181,62,1174,53,213,CR(제어압연),914.0,10,1조,260.0
양품,영국,C,12,3600,48700,적용,1호기,2열,1192,68,1173,55,202,CR(제어압연),882.0,10,1조,291.0
양품,영국,C,12,3200,43300,적용,2호기,1열,1184,70,1161,51,190,CR(제어압연),901.0,10,1조,260.0
양품,일본,C,13,3000,53500,적용,2호기,2열,1167,80,1156,49,219,CR(제어압연),919.0,10,1조,237.0
양품,한국,C,14,2900,54300,적용,3호기,1열,1166,72,1163,60,221,CR(제어압연),923.0,10,1조,240.0
양품,일본,C,18,3100,41800,적용,3호기,2열,1183,64,1173,64,188,CR(제어압연),957.0,10,1조,216.0
불량,일본,C,18,3100,41800,미적용,1호기,1열,1195,63,1173,52,215,CR(제어압연),981.0,10,1조,192.0
양품,일본,C,18,3100,41800,적용,1호기,2열,1192,73,1167,58,204,CR(제어압연),977.0,10,1조,190.0
양품,일본,C,18,3100,41800,적용,2호기,1열,1183,79,1162,44,202,CR(제어압연),936.0,10,1조,226.0
양품,프랑스,C,18,3100,46300,적용,3호기,1열,1194,73,1170,61,201,CR(제어압연),982.0,10,1조,188.0
양품,영국,C,18,3100,46300,적용,3호기,1열,1194,73,1170,61,194,CR(제어압연),982.0,10,1조,188.0
불량,영국,C,18,3100,46300,적용,3호기,1열,1194,73,1170,61,213,CR(제어압연),982.0,9,1조,188.0
불량,영국,C,18,3100,48300,적용,3호기,2열,1193,63,1176,64,196,CR(제어압연),973.0,9,1조,203.0
양품,미국,C,19,3100,42200,적용,1호기,1열,1195,72,1165,49,180,CR(제어압연),989.0,10,1조,176.0
불량,프랑스,C,19,3100,42200,미적용,1호기,1열,1195,72,1165,49,211,CR(제어압연),989.0,10,1조,176.0
양품,영국,C,19,3100,42200,적용,1호기,1열,1195,72,1165,49,215,CR(제어압연),989.0,10,1조,176.0
양품,미국,C,17,3000,49200,적용,3호기,1열,1198,64,1172,57,204,CR(제어압연),972.0,10,1조,200.0
불량,독일,C,17,3000,49200,미적용,3호기,1열,1198,64,1172,57,225,CR(제어압연),972.0,10,1조,200.0
불량,미국,C,17,3100,50200,적용,3호기,2열,1204,71,1176,50,212,CR(제어압연),972.0,10,1조,204.0
불량,영국,C,17,3100,50200,적용,3호기,2열,1204,71,1176,50,201,CR(제어압연),972.0,10,1조,204.0
양품,프랑스,C,19,3000,43100,적용,1호기,2열,1177,63,1157,68,196,CR(제어압연),957.0,10,1조,200.0
양품,영국,T,23,4100,22500,적용,2호기,2열,1200,64,1159,58,211,TMCP(온도제어),905.0,8,1조,254.0
양품,일본,T,22,2900,30700,적용,2호기,1열,1173,73,1153,58,212,TMCP(온도제어),915.0,8,1조,238.0
불량,독일,T,13,3300,33400,적용,1호기,1열,1179,66,1153,57,224,TMCP(온도제어),863.0,9,1조,290.0
양품,독일,T,15,3200,36900,적용,1호기,2열,1137,55,1136,68,206,TMCP(온도제어),923.0,10,1조,213.0
양품,독일,T,15,2700,37100,적용,2호기,1열,1147,111,1133,66,258,TMCP(온도제어),916.0,10,1조,217.0
양품,영국,T,18,2800,37700,적용,2호기,2열,1187,62,1151,66,206,TMCP(온도제어),904.0,10,2조,247.0
불량,영국,T,13,2600,54500,미적용,3호기,1열,1174,55,1165,75,230,TMCP(온도제어),880.0,10,2조,285.0
양품,영국,T,13,2500,54500,적용,3호기,2열,1169,56,1163,74,209,TMCP(온도제어),889.0,10,2조,274.0
양품,영국,T,14,2500,54500,적용,1호기,1열,1129,116,1130,73,282,TMCP(온도제어),892.0,10,2조,238.0
양품,한국,T,25,1800,30200,적용,1호기,2열,1160,57,1143,73,216,CR(제어압연),823.0,8,2조,320.0
양품,한국,T,27,1900,26300,적용,2호기,1열,1140,120,1134,68,272,CR(제어압연),827.0,8,2조,307.0
양품,미국,T,25,2600,30100,적용,2호기,2열,1151,63,1138,69,192,CR(제어압연),854.0,8,2조,284.0
양품,미국,T,25,2000,39600,적용,3호기,1열,1180,67,1159,65,230,CR(제어압연),843.0,8,2조,316.0
양품,독일,T,36,2500,22000,적용,3호기,2열,1189,106,1165,82,277,TMCP(온도제어),882.0,8,2조,283.0
양품,프랑스,T,35,3100,19600,적용,1호기,2열,1140,55,1128,84,233,TMCP(온도제어),936.0,8,2조,192.0
양품,프랑스,T,38,3100,16700,적용,1호기,1열,1165,69,1138,77,218,TMCP(온도제어),875.0,8,2조,263.0
양품,프랑스,T,38,3100,16700,적용,2호기,1열,1106,57,1126,87,240,TMCP(온도제어),873.0,8,2조,253.0
양품,프랑스,T,38,3100,16700,적용,2호기,2열,1157,59,1133,81,214,TMCP(온도제어),879.0,8,2조,254.0
양품,프랑스,T,38,3100,16700,적용,3호기,1열,1175,65,1148,88,231,TMCP(온도제어),875.0,8,2조,273.0
양품,프랑스,T,38,3100,16700,적용,3호기,2열,1174,61,1148,91,233,TMCP(온도제어),870.0,8,2조,278.0
양품,프랑스,T,38,3100,16700,적용,1호기,1열,1170,56,1137,83,217,TMCP(온도제어),881.0,8,2조,256.0
양품,프랑스,T,38,3100,16700,적용,1호기,2열,1124,70,1116,80,226,TMCP(온도제어),879.0,8,2조,237.0
양품,프랑스,T,38,3100,16700,적용,2호기,1열,1117,109,1123,90,286,TMCP(온도제어),873.0,8,2조,250.0
양품,프랑스,T,38,3100,16700,적용,2호기,2열,1157,61,1124,88,255,TMCP(온도제어),881.0,8,2조,243.0
양품,프랑스,T,38,3100,16700,적용,3호기,1열,1149,69,1138,95,253,TMCP(온도제어),880.0,8,2조,258.0
양품,프랑스,T,38,3100,16700,적용,3호기,2열,1150,64,1140,95,233,TMCP(온도제어),871.0,8,2조,269.0
양품,프랑스,T,38,3100,16700,적용,1호기,1열,1151,66,1129,89,251,TMCP(온도제어),873.0,8,2조,256.0
양품,프랑스,T,38,3100,16700,적용,1호기,2열,1126,73,1118,89,259,TMCP(온도제어),868.0,8,2조,250.0
양품,프랑스,T,38,3100,16700,적용,2호기,1열,1155,71,1127,87,251,TMCP(온도제어),875.0,8,2조,252.0
양품,프랑스,T,38,3100,13300,적용,2호기,2열,1151,61,1122,105,263,TMCP(온도제어),880.0,8,2조,242.0
양품,미국,T,38,3100,16200,적용,3호기,1열,1132,63,1134,109,265,TMCP(온도제어),876.0,8,2조,258.0
양품,공통,T,38,3100,16200,적용,3호기,1열,1132,63,1134,109,263,CR(제어압연),876.0,8,2조,258.0
불량,영국,T,40,2800,26000,적용,3호기,2열,1164,77,1136,90,227,TMCP(온도제어),897.0,5,2조,239.0
양품,영국,T,40,2800,26000,적용,3호기,1열,1171,67,1139,94,232,TMCP(온도제어),897.0,6,2조,242.0
양품,독일,T,40,2500,22700,적용,1호기,2열,1124,63,1121,107,261,TMCP(온도제어),815.0,6,2조,306.0
양품,독일,T,40,2500,22700,적용,2호기,1열,1162,85,1126,93,264,TMCP(온도제어),802.0,6,2조,324.0
양품,독일,T,40,2500,22700,적용,3호기,2열,1169,87,1138,83,230,TMCP(온도제어),805.0,6,2조,333.0
양품,독일,T,40,2500,22700,적용,1호기,2열,1138,65,1125,108,279,TMCP(온도제어),817.0,6,2조,308.0
양품,영국,T,40,2100,26500,적용,3호기,1열,1173,92,1138,80,274,TMCP(온도제어),895.0,6,2조,243.0
양품,공통,T,40,3100,23200,적용,3호기,2열,1162,74,1136,101,259,CR(제어압연),813.0,6,2조,323.0
양품,독일,T,40,3100,23200,적용,3호기,2열,1162,74,1136,101,248,TMCP(온도제어),813.0,6,2조,323.0
양품,일본,T,40,2800,23400,적용,1호기,1열,1156,77,1128,126,302,TMCP(온도제어),816.0,6,2조,312.0
양품,일본,T,40,2600,23400,적용,2호기,2열,1166,69,1118,141,289,TMCP(온도제어),818.0,6,2조,300.0
불량,독일,T,40,2500,25600,미적용,2호기,1열,1149,73,1119,131,296,TMCP(온도제어),818.0,6,2조,301.0
양품,독일,T,40,2500,25600,적용,1호기,1열,1172,89,1135,113,289,TMCP(온도제어),816.0,6,2조,319.0
양품,독일,T,40,3100,23200,적용,3호기,1열,1174,104,1134,85,273,TMCP(온도제어),819.0,6,2조,315.0
양품,독일,T,40,3100,23200,적용,3호기,2열,1159,87,1131,106,268,TMCP(온도제어),816.0,6,2조,315.0
양품,독일,T,40,2500,25600,적용,1호기,2열,1135,75,1120,130,298,TMCP(온도제어),817.0,6,2조,303.0
양품,독일,T,40,2500,25600,적용,2호기,1열,1151,93,1121,127,319,TMCP(온도제어),817.0,6,2조,304.0
양품,독일,T,40,2500,22700,적용,2호기,2열,1174,91,1118,135,317,TMCP(온도제어),815.0,6,2조,303.0
양품,독일,T,44,2200,22800,적용,1호기,2열,1149,82,1126,123,275,TMCP(온도제어),816.0,6,2조,310.0
양품,영국,T,44,2200,22800,적용,1호기,2열,1149,82,1126,123,306,TMCP(온도제어),816.0,6,2조,310.0
불량,공통,T,40,2500,28600,적용,3호기,1열,1162,116,1124,98,291,CR(제어압연),1033.0,6,2조,91.0
불량,독일,T,40,2500,28600,미적용,3호기,1열,1162,116,1124,98,314,TMCP(온도제어),1033.0,6,2조,91.0
양품,독일,T,40,2500,22700,적용,1호기,1열,1178,90,1127,138,301,TMCP(온도제어),745.0,6,2조,382.0
양품,독일,T,40,3100,18700,적용,3호기,2열,1161,100,1120,136,336,TMCP(온도제어),894.0,6,2조,226.0
양품,한국,T,40,2500,16900,적용,2호기,1열,1165,112,1122,135,333,CR(제어압연),910.0,6,2조,212.0
양품,한국,T,40,1800,18900,적용,2호기,2열,1170,105,1117,135,338,CR(제어압연),906.0,6,2조,211.0
양품,한국,T,50,1800,24900,적용,1호기,2열,1169,111,1129,122,299,CR(제어압연),891.0,6,2조,238.0
양품,공통,T,40,2500,28600,적용,3호기,1열,1151,100,1128,128,285,CR(제어압연),816.0,6,2조,312.0
양품,독일,T,40,2500,28600,적용,3호기,1열,1151,100,1128,128,292,TMCP(온도제어),816.0,6,2조,312.0
양품,공통,T,40,2300,25500,적용,3호기,2열,1161,105,1125,122,325,CR(제어압연),820.0,6,2조,305.0
불량,영국,T,40,2300,25500,적용,3호기,2열,1161,105,1125,122,293,TMCP(온도제어),820.0,5,2조,305.0
양품,한국,T,50,2500,10900,적용,1호기,1열,1169,94,1127,69,218,CR(제어압연),897.0,6,2조,230.0
양품,한국,T,50,2500,10900,적용,2호기,1열,1164,149,1123,98,351,CR(제어압연),888.0,6,2조,235.0
양품,한국,T,61,2300,12200,적용,2호기,2열,1166,94,1121,79,263,CR(제어압연),891.0,6,2조,230.0
양품,프랑스,T,50,3100,12300,적용,1호기,1열,1174,129,1137,113,321,TMCP(온도제어),880.0,6,2조,257.0
양품,영국,T,40,2000,28900,적용,3호기,1열,1135,106,1121,126,322,TMCP(온도제어),887.0,6,2조,234.0
양품,영국,T,40,2000,28900,적용,3호기,2열,1158,106,1124,124,298,TMCP(온도제어),891.0,6,2조,233.0
양품,한국,T,40,2500,21600,적용,1호기,2열,1148,97,1125,89,246,CR(제어압연),908.0,6,2조,217.0
양품,한국,T,50,1800,22200,적용,2호기,1열,1158,156,1122,96,351,CR(제어압연),901.0,6,2조,221.0
양품,한국,T,50,2600,13200,적용,2호기,2열,1164,120,1122,119,294,CR(제어압연),901.0,6,2조,221.0
양품,한국,T,50,2600,13100,적용,1호기,1열,1152,158,1134,78,315,CR(제어압연),900.0,6,2조,234.0
양품,영국,T,40,2800,26000,적용,3호기,1열,1120,109,1116,117,330,TMCP(온도제어),894.0,6,2조,222.0
양품,한국,T,50,1800,25900,적용,3호기,2열,1151,112,1125,116,309,CR(제어압연),894.0,6,2조,231.0
양품,한국,T,50,2400,14800,적용,1호기,2열,1153,134,1126,116,326,CR(제어압연),897.0,6,2조,229.0
양품,한국,T,55,3100,13400,적용,2호기,1열,1150,133,1120,113,323,CR(제어압연),892.0,6,2조,228.0
불량,한국,T,55,3100,13400,미적용,2호기,2열,1151,136,1122,109,303,CR(제어압연),892.0,6,3조,230.0
양품,한국,T,55,3100,13400,적용,1호기,1열,1144,111,1131,52,223,CR(제어압연),896.0,6,3조,235.0
양품,프랑스,T,40,3100,18600,적용,3호기,1열,1109,126,1116,80,294,TMCP(온도제어),899.0,6,3조,217.0
양품,한국,T,50,2600,17600,적용,3호기,2열,1141,140,1127,84,328,CR(제어압연),896.0,6,3조,231.0
양품,한국,T,60,2500,13300,적용,1호기,2열,1137,125,1123,120,347,CR(제어압연),893.0,6,3조,230.0
양품,한국,T,60,2500,13300,적용,2호기,1열,1142,156,1120,85,304,CR(제어압연),894.0,6,3조,226.0
양품,한국,T,61,2100,12300,적용,2호기,2열,1143,155,1122,87,301,CR(제어압연),901.0,6,3조,221.0
양품,한국,T,70,2300,15900,적용,1호기,1열,1140,117,1125,69,279,CR(제어압연),869.0,6,3조,256.0
양품,한국,T,70,2200,15300,적용,3호기,1열,1108,138,1117,78,278,CR(제어압연),876.0,6,3조,241.0
양품,한국,T,70,2200,13700,적용,1호기,2열,1135,140,1123,93,335,CR(제어압연),870.0,6,3조,253.0
양품,한국,T,70,2200,13700,적용,2호기,1열,1137,141,1121,74,281,CR(제어압연),876.0,6,3조,245.0
양품,한국,T,70,2300,15900,적용,3호기,2열,1138,148,1126,80,329,CR(제어압연),877.0,6,3조,249.0
양품,한국,T,70,2300,15900,적용,1호기,1열,1134,117,1123,75,294,CR(제어압연),881.0,6,3조,242.0
양품,한국,T,70,2300,15900,적용,1호기,2열,1142,143,1128,66,287,CR(제어압연),869.0,6,3조,259.0
양품,한국,T,75,2300,15400,적용,2호기,1열,1139,120,1123,65,243,CR(제어압연),876.0,6,3조,247.0
양품,한국,T,75,2300,15400,적용,3호기,1열,1117,131,1119,77,274,CR(제어압연),876.0,6,3조,243.0
양품,한국,T,75,2300,15400,적용,3호기,2열,1141,130,1128,76,281,CR(제어압연),876.0,6,3조,252.0
양품,한국,T,75,2300,15400,적용,1호기,1열,1138,122,1125,66,265,CR(제어압연),877.0,6,3조,248.0
양품,한국,T,75,2300,15400,적용,1호기,2열,1135,146,1126,77,318,CR(제어압연),878.0,6,3조,248.0
양품,한국,T,75,2300,15400,적용,2호기,1열,1131,117,1125,56,265,CR(제어압연),878.0,6,3조,247.0
양품,한국,T,75,2300,15400,적용,3호기,1열,1119,121,1119,70,258,CR(제어압연),878.0,6,3조,241.0
양품,한국,T,81,2900,9800,적용,2호기,2열,1139,132,1124,80,287,CR(제어압연),877.0,6,3조,247.0
양품,한국,T,75,1800,10500,적용,3호기,2열,1139,129,1125,65,278,CR(제어압연),877.0,6,3조,248.0
불량,한국,T,81,2100,13200,미적용,1호기,2열,1138,131,1128,55,271,CR(제어압연),876.0,6,3조,252.0
양품,한국,T,75,1800,10500,적용,2호기,2열,1140,139,1123,72,278,CR(제어압연),876.0,6,3조,247.0
양품,한국,T,81,2100,12900,적용,1호기,1열,1132,78,1122,71,208,CR(제어압연),842.0,6,3조,280.0
양품,한국,T,81,2100,12900,적용,2호기,1열,1133,89,1122,59,229,CR(제어압연),885.6944444444445,6,3조,236.30555555555554
양품,한국,T,81,2100,13200,적용,1호기,2열,1130,92,1124,61,210,CR(제어압연),885.6944444444445,6,3조,238.30555555555554
양품,영국,T,40,2500,23600,적용,3호기,1열,1119,109,1117,76,260,TMCP(온도제어),891.0,6,3조,226.0
양품,프랑스,T,50,3100,13300,적용,1호기,1열,1133,70,1118,108,254,TMCP(온도제어),889.0,6,3조,229.0
양품,공통,T,40,3100,23000,적용,3호기,2열,1140,90,1119,124,284,CR(제어압연),816.0,6,3조,303.0
양품,독일,T,40,3100,23000,적용,3호기,2열,1140,90,1119,124,309,TMCP(온도제어),816.0,6,3조,303.0
양품,독일,T,40,3200,15700,적용,2호기,1열,1135,100,1113,109,308,TMCP(온도제어),815.0,6,3조,298.0
양품,공통,T,40,2700,20200,적용,3호기,2열,1143,94,1122,110,259,CR(제어압연),816.0,6,3조,306.0
양품,영국,T,40,2700,20200,적용,3호기,2열,1143,94,1122,110,282,TMCP(온도제어),816.0,6,3조,306.0
양품,영국,T,40,2300,20200,적용,1호기,1열,1123,78,1118,112,245,TMCP(온도제어),818.0,6,3조,300.0
양품,독일,T,40,2300,20700,적용,1호기,2열,1130,105,1120,115,283,TMCP(온도제어),812.0,6,3조,308.0
불량,프랑스,T,40,3100,15800,적용,2호기,2열,1135,93,1119,134,295,TMCP(온도제어),812.0,5,3조,307.0
양품,일본,T,40,2900,18700,적용,3호기,1열,1114,85,1117,135,298,TMCP(온도제어),815.0,6,3조,302.0
양품,영국,T,40,2900,18700,적용,3호기,1열,1114,85,1117,135,302,TMCP(온도제어),815.0,6,3조,302.0
불량,미국,T,71,3600,9200,미적용,2호기,2열,1128,92,1121,145,332,CR(제어압연),859.0,6,3조,262.0
양품,프랑스,T,74,2700,11000,적용,2호기,1열,1119,70,1118,130,291,TMCP(온도제어),812.0,6,3조,306.0
양품,프랑스,T,74,2700,11000,적용,3호기,1열,1124,84,1121,129,310,TMCP(온도제어),819.0,6,3조,302.0
양품,영국,T,54,2700,11000,적용,3호기,2열,1139,82,1127,130,295,TMCP(온도제어),814.0,6,3조,313.0
양품,미국,T,77,2600,7900,적용,1호기,1열,1111,77,1118,144,295,TMCP(온도제어),837.0,6,3조,281.0
양품,미국,T,77,2600,7900,적용,1호기,2열,1113,71,1118,143,316,TMCP(온도제어),842.0,6,3조,276.0
양품,미국,T,77,2600,7900,적용,2호기,1열,1103,68,1122,143,300,TMCP(온도제어),848.0,6,3조,274.0
양품,프랑스,T,74,1800,10000,적용,2호기,2열,1144,102,1123,139,337,CR(제어압연),814.0,6,3조,309.0
양품,공통,T,76,1800,16700,적용,3호기,1열,1124,77,1127,143,326,CR(제어압연),811.0,6,3조,316.0
불량,프랑스,T,76,1800,9800,미적용,3호기,2열,1123,55,1135,104,217,CR(제어압연),811.0,6,3조,324.0
양품,프랑스,T,76,1800,9800,적용,1호기,1열,1114,72,1131,80,258,CR(제어압연),815.0,6,3조,316.0
양품,미국,C,15,3300,51500,적용,1호기,2열,1122,64,1123,71,202,CR(제어압연),861.0,10,3조,262.0
불량,영국,C,15,3300,51500,적용,1호기,2열,1122,64,1123,84,219,CR(제어압연),861.0,9,3조,262.0
양품,영국,C,15,3300,51500,적용,1호기,2열,1122,64,1123,85,211,CR(제어압연),861.0,10,3조,262.0
양품,미국,C,16,3400,50700,적용,3호기,1열,1119,75,1133,104,266,CR(제어압연),867.0,10,3조,266.0
양품,영국,C,16,3400,50700,적용,3호기,1열,1119,75,1133,64,224,CR(제어압연),867.0,10,3조,266.0
양품,일본,C,16,3400,50700,적용,3호기,1열,1119,75,1133,62,206,CR(제어압연),867.0,10,3조,266.0
양품,영국,C,16,3400,50700,적용,3호기,1열,1119,75,1133,104,280,CR(제어압연),867.0,10,3조,266.0
양품,영국,C,13,3500,53300,적용,2호기,1열,1118,62,1129,107,274,CR(제어압연),840.0,10,3조,289.0
양품,프랑스,C,13,3400,53700,적용,2호기,2열,1147,73,1129,57,218,CR(제어압연),723.0,10,3조,406.0
양품,영국,C,13,3400,53700,적용,2호기,2열,1147,73,1129,99,228,CR(제어압연),723.0,10,3조,406.0
양품,일본,C,13,3400,53700,적용,2호기,2열,1147,73,1129,103,278,CR(제어압연),723.0,10,3조,406.0
양품,영국,C,13,3400,53700,적용,2호기,2열,1147,73,1129,107,246,CR(제어압연),723.0,10,3조,406.0
양품,프랑스,C,13,3300,52100,적용,3호기,2열,1177,139,1139,107,307,CR(제어압연),842.0,10,3조,297.0
불량,한국,C,13,3300,52100,미적용,3호기,2열,1177,139,1139,107,342,CR(제어압연),842.0,10,3조,297.0
양품,일본,C,13,3300,52100,적용,3호기,2열,1177,139,1139,107,333,CR(제어압연),842.0,10,3조,297.0
양품,영국,C,13,3300,52100,적용,3호기,2열,1177,139,1139,107,338,CR(제어압연),842.0,10,3조,297.0
양품,프랑스,C,13,3600,54900,적용,1호기,2열,1131,56,1136,81,192,CR(제어압연),860.0,10,3조,276.0
양품,한국,C,13,3600,54900,적용,1호기,2열,1131,56,1136,94,247,CR(제어압연),860.0,10,3조,276.0
양품,영국,C,13,3600,54900,적용,1호기,2열,1131,56,1136,62,207,CR(제어압연),860.0,10,3조,276.0
양품,미국,C,13,3300,53900,적용,1호기,1열,1178,137,1144,114,319,CR(제어압연),853.0,10,3조,291.0
양품,프랑스,C,13,3300,53900,적용,1호기,1열,1178,137,1144,114,314,CR(제어압연),853.0,10,3조,291.0
양품,영국,C,13,3300,53900,적용,1호기,1열,1178,137,1144,114,343,CR(제어압연),853.0,10,4조,291.0
양품,미국,C,13,3400,52400,적용,2호기,1열,1171,125,1133,81,261,CR(제어압연),909.0,10,4조,224.0
양품,한국,C,13,3400,52400,적용,2호기,1열,1171,125,1133,82,308,CR(제어압연),909.0,10,4조,224.0
양품,영국,C,13,3400,52400,적용,2호기,1열,1171,125,1133,83,285,CR(제어압연),909.0,10,4조,224.0
양품,미국,C,13,3400,54200,적용,2호기,2열,1141,59,1130,73,228,CR(제어압연),875.0,10,4조,255.0
불량,한국,C,13,3400,54200,미적용,2호기,2열,1141,59,1130,67,202,CR(제어압연),875.0,9,4조,255.0
양품,영국,C,13,3400,54200,적용,2호기,2열,1141,59,1130,62,185,CR(제어압연),875.0,10,4조,255.0
양품,프랑스,C,13,3600,51700,적용,3호기,1열,1169,156,1134,82,303,CR(제어압연),872.0,10,4조,262.0
양품,한국,C,13,3600,51700,적용,3호기,1열,1169,156,1134,92,307,CR(제어압연),872.0,10,4조,262.0
양품,영국,C,13,3600,51700,적용,3호기,1열,1169,156,1134,65,284,CR(제어압연),872.0,10,4조,262.0
양품,프랑스,C,13,3300,43500,적용,3호기,2열,1163,133,1135,66,301,CR(제어압연),879.0,10,4조,256.0
불량,독일,C,13,3300,41900,적용,1호기,1열,1166,121,1136,66,281,CR(제어압연),902.0,9,4조,234.0
양품,영국,C,13,3300,41900,적용,1호기,1열,1166,121,1136,94,311,CR(제어압연),902.0,10,4조,234.0
양품,미국,C,13,3400,43400,적용,1호기,2열,1165,115,1139,47,224,CR(제어압연),904.0,10,4조,235.0
양품,한국,C,13,3400,43400,적용,1호기,2열,1165,115,1139,104,321,CR(제어압연),904.0,10,4조,235.0
양품,일본,C,12,3400,48400,적용,2호기,1열,1159,141,1136,107,313,CR(제어압연),893.0,10,4조,243.0
양품,영국,C,12,3400,48400,적용,2호기,1열,1159,141,1136,46,260,CR(제어압연),893.0,10,4조,243.0
양품,미국,C,12,3400,52100,적용,2호기,2열,1167,147,1137,103,342,CR(제어압연),887.0,10,4조,250.0
양품,영국,C,12,3400,52100,적용,2호기,2열,1167,147,1137,105,352,CR(제어압연),887.0,10,4조,250.0
양품,한국,C,13,3200,42700,적용,3호기,1열,1160,153,1138,71,317,CR(제어압연),906.0,10,4조,232.0
양품,영국,C,13,3200,42700,적용,3호기,1열,1160,153,1138,81,322,CR(제어압연),906.0,10,4조,232.0
양품,미국,C,13,3000,43700,적용,3호기,2열,1160,115,1139,105,293,CR(제어압연),932.0,10,4조,207.0
불량,미국,C,13,3200,43300,미적용,1호기,1열,1157,133,1140,99,288,CR(제어압연),929.0,10,4조,211.0
불량,한국,C,13,3200,43300,적용,1호기,1열,1157,133,1140,74,293,CR(제어압연),929.0,9,4조,211.0
양품,영국,C,13,3200,43300,적용,1호기,1열,1157,133,1140,90,301,CR(제어압연),929.0,10,4조,211.0
양품,미국,C,13,3200,43400,적용,1호기,2열,1161,128,1144,79,303,CR(제어압연),935.0,10,4조,209.0
양품,영국,C,13,3200,43400,적용,1호기,2열,1161,128,1144,66,287,CR(제어압연),935.0,10,4조,209.0
불량,영국,C,12,3200,43800,적용,2호기,1열,1154,148,1143,97,314,CR(제어압연),924.0,9,4조,219.0
양품,일본,C,12,3200,43800,적용,2호기,1열,1154,148,1143,48,292,CR(제어압연),924.0,10,4조,219.0
불량,영국,C,12,3200,43800,미적용,2호기,1열,1154,148,1143,89,315,CR(제어압연),924.0,10,4조,219.0
양품,미국,C,13,3100,43700,적용,2호기,2열,1158,134,1143,73,280,CR(제어압연),931.0,10,4조,212.0
양품,한국,C,13,3100,43700,적용,2호기,2열,1158,134,1143,79,271,CR(제어압연),931.0,10,4조,212.0
양품,영국,C,13,2900,52700,적용,3호기,1열,1154,158,1144,56,308,CR(제어압연),926.0,10,4조,218.0
불량,미국,C,13,2900,52500,적용,3호기,2열,1157,158,1147,64,293,CR(제어압연),924.0,9,4조,223.0
양품,프랑스,C,13,2900,52500,적용,3호기,2열,1157,158,1147,101,333,CR(제어압연),924.0,10,4조,223.0
양품,독일,C,13,2900,52500,적용,3호기,2열,1157,158,1147,86,329,CR(제어압연),924.0,10,4조,223.0
양품,영국,C,13,2900,52500,적용,3호기,2열,1157,158,1147,79,316,CR(제어압연),924.0,10,4조,223.0
양품,미국,C,13,2900,51800,적용,1호기,1열,1157,137,1146,73,308,CR(제어압연),924.0,10,4조,222.0
양품,독일,C,13,2900,51800,적용,1호기,1열,1157,137,1146,68,282,CR(제어압연),924.0,10,4조,222.0
양품,미국,C,13,2800,52200,적용,1호기,2열,1154,136,1147,71,269,CR(제어압연),924.0,10,4조,223.0
양품,한국,C,13,2800,52200,적용,1호기,2열,1154,136,1147,65,296,CR(제어압연),924.0,10,4조,223.0
양품,영국,C,13,2800,52200,적용,1호기,2열,1154,136,1147,45,268,CR(제어압연),924.0,10,4조,223.0
양품,영국,C,13,2800,52200,적용,1호기,2열,1154,136,1147,100,298,CR(제어압연),924.0,10,4조,223.0
양품,미국,C,13,2900,52200,적용,2호기,1열,1149,148,1143,89,332,CR(제어압연),923.0,10,4조,220.0
양품,독일,C,13,2900,52200,적용,2호기,1열,1149,148,1143,96,320,CR(제어압연),923.0,10,4조,220.0
양품,영국,C,13,2900,52200,적용,2호기,1열,1149,148,1143,56,260,CR(제어압연),923.0,10,4조,220.0
양품,미국,C,13,2900,52800,적용,2호기,2열,1155,140,1145,96,309,CR(제어압연),927.0,10,4조,218.0
양품,영국,C,13,2900,52800,적용,2호기,2열,1155,140,1145,59,303,CR(제어압연),927.0,10,4조,218.0
양품,일본,C,13,2900,52800,적용,2호기,2열,1155,140,1145,73,274,CR(제어압연),927.0,10,4조,218.0
양품,프랑스,C,13,2900,51100,적용,3호기,1열,1156,140,1145,83,304,CR(제어압연),934.0,10,4조,211.0
양품,독일,C,13,2900,51100,적용,3호기,1열,1156,133,1145,83,318,CR(제어압연),934.0,10,4조,211.0
양품,영국,C,13,2900,51100,적용,3호기,1열,1156,134,1145,90,314,CR(제어압연),934.0,10,4조,211.0
양품,미국,C,13,2900,48400,적용,3호기,2열,1158,131,1147,46,253,CR(제어압연),909.0,10,4조,238.0
양품,프랑스,C,13,2900,48400,적용,3호기,2열,1158,146,1147,98,305,CR(제어압연),909.0,10,4조,238.0
양품,영국,C,13,2900,48400,적용,3호기,2열,1158,149,1147,82,322,CR(제어압연),909.0,10,4조,238.0
양품,독일,C,15,3100,51800,적용,1호기,1열,1156,157,1148,107,361,CR(제어압연),942.0,10,4조,206.0
양품,한국,C,15,3100,51800,적용,1호기,1열,1156,157,1148,83,330,CR(제어압연),942.0,10,4조,206.0
양품,영국,C,15,3100,51800,적용,1호기,1열,1156,157,1148,99,362,CR(제어압연),942.0,10,4조,206.0
양품,한국,C,16,2900,41000,적용,2호기,2열,1151,118,1144,74,253,CR(제어압연),960.0,10,4조,184.0
양품,영국,C,18,3100,46200,적용,1호기,2열,1155,158,1151,96,321,CR(제어압연),959.0,10,4조,192.0
양품,미국,C,17,2800,51500,적용,2호기,1열,1142,121,1147,69,278,CR(제어압연),957.0,10,4조,190.0
양품,영국,C,17,2800,51500,적용,2호기,1열,1142,127,1147,69,302,CR(제어압연),957.0,10,4조,190.0
불량,영국,C,18,3100,47100,미적용,3호기,1열,1138,112,1148,62,273,CR(제어압연),957.0,10,4조,191.0
양품,영국,C,18,3100,47100,적용,3호기,1열,1138,126,1148,62,266,CR(제어압연),957.0,10,4조,191.0
양품,독일,C,18,3100,48900,적용,3호기,2열,1138,129,1150,62,247,CR(제어압연),956.0,10,4조,194.0
양품,영국,C,18,3100,48900,적용,3호기,2열,1138,125,1150,62,251,CR(제어압연),956.0,10,4조,194.0
양품,미국,C,20,3100,44900,적용,1호기,2열,1149,143,1148,64,300,CR(제어압연),949.0,10,4조,199.0
양품,미국,C,19,3100,49700,적용,3호기,1열,1142,143,1153,55,263,CR(제어압연),993.0,10,4조,160.0
불량,영국,C,19,3100,49700,미적용,3호기,1열,1142,137,1153,55,298,CR(제어압연),993.0,10,4조,160.0
양품,미국,C,20,3100,44900,적용,3호기,2열,1147,130,1154,53,261,CR(제어압연),997.0,10,4조,157.0
양품,한국,C,40,2500,23200,적용,1호기,1열,1158,129,1148,76,305,CR(제어압연),995.0,6,4조,153.0
불량,일본,C,40,2500,26400,적용,2호기,1열,1135,137,1152,66,271,CR(제어압연),1071.0,6,4조,81.0
불량,한국,C,40,2500,26400,적용,2호기,1열,1135,144,1152,66,294,CR(제어압연),1071.0,6,3조,81.0
불량,일본,C,30,2500,31300,적용,2호기,2열,1137,131,1149,80,276,CR(제어압연),1035.0,8,3조,114.0
불량,일본,C,30,2500,31300,적용,1호기,1열,1134,138,1148,72,316,CR(제어압연),1035.0,8,3조,113.0
불량,일본,C,30,2500,31300,적용,1호기,2열,1137,127,1150,69,264,CR(제어압연),1030.0,8,3조,120.0
불량,일본,C,25,2500,40100,적용,2호기,1열,1151,111,1158,57,227,CR(제어압연),1033.0,8,3조,125.0
불량,한국,C,25,2500,40100,적용,2호기,1열,1151,134,1158,57,260,CR(제어압연),1033.0,8,3조,125.0
불량,일본,C,30,2500,22900,적용,2호기,2열,1136,145,1153,74,312,CR(제어압연),1046.0,8,3조,107.0
불량,한국,C,23,2500,46400,적용,3호기,1열,1163,126,1158,60,242,CR(제어압연),1028.0,8,3조,130.0
불량,한국,C,21,2700,42800,적용,3호기,2열,1153,136,1156,71,282,CR(제어압연),1025.0,8,3조,131.0
양품,한국,C,23,2500,46400,적용,1호기,1열,1164,142,1158,60,280,CR(제어압연),997.0,8,3조,161.0
불량,한국,C,23,2800,46400,적용,3호기,1열,1172,140,1162,51,293,CR(제어압연),1001.0,8,3조,161.0
양품,한국,C,21,2600,47500,적용,1호기,2열,1156,132,1156,74,293,CR(제어압연),999.0,8,3조,157.0
불량,영국,C,21,2600,47500,미적용,1호기,2열,1156,127,1156,74,293,CR(제어압연),999.0,8,3조,157.0
불량,한국,C,21,2700,44900,적용,2호기,1열,1166,110,1162,59,224,CR(제어압연),999.0,7,3조,163.0
불량,한국,C,19,2700,48700,적용,3호기,2열,1166,132,1160,69,266,CR(제어압연),1004.0,10,3조,156.0
불량,영국,C,19,2700,48700,적용,3호기,2열,1166,141,1160,69,272,CR(제어압연),1004.0,10,3조,156.0
불량,프랑스,C,19,2500,40700,적용,2호기,2열,1157,111,1156,77,265,CR(제어압연),1016.0,10,3조,140.0
불량,프랑스,C,19,2500,40700,적용,2호기,2열,1157,122,1156,77,283,CR(제어압연),1016.0,10,3조,140.0
불량,한국,C,20,2500,45200,적용,1호기,1열,1182,138,1171,37,236,CR(제어압연),1020.0,8,3조,151.0
불량,일본,C,19,2500,34100,적용,1호기,2열,1165,147,1161,72,305,CR(제어압연),1026.0,10,3조,135.0
불량,프랑스,C,20,2500,43400,적용,2호기,1열,1174,75,1163,52,203,CR(제어압연),1024.0,10,3조,139.0
불량,일본,C,19,2700,50900,적용,3호기,1열,1179,129,1163,53,281,CR(제어압연),1006.0,10,3조,157.0
불량,프랑스,C,20,2700,40500,적용,3호기,2열,1180,124,1163,68,281,CR(제어압연),1019.0,8,3조,144.0
불량,영국,C,20,2700,40500,적용,3호기,2열,1180,120,1163,68,291,CR(제어압연),1019.0,8,3조,144.0
불량,일본,C,20,2500,51100,적용,1호기,1열,1184,111,1169,44,239,CR(제어압연),1025.0,7,3조,144.0
불량,한국,C,20,2500,51100,적용,1호기,1열,1184,136,1169,44,249,CR(제어압연),1025.0,8,3조,144.0
불량,프랑스,C,20,2500,43400,적용,2호기,2열,1171,137,1159,79,282,CR(제어압연),1021.0,10,3조,138.0
양품,프랑스,C,20,2400,43000,적용,1호기,2열,1171,111,1162,67,268,CR(제어압연),990.0,8,3조,172.0
불량,영국,C,19,2700,54300,적용,3호기,1열,1178,69,1165,57,227,CR(제어압연),1005.0,10,3조,160.0
양품,미국,C,18,2600,54900,적용,2호기,1열,1176,88,1163,52,203,CR(제어압연),987.0,10,3조,176.0
양품,영국,C,18,2600,54900,적용,2호기,1열,1176,88,1163,52,229,CR(제어압연),987.0,10,3조,176.0
양품,일본,C,18,2500,42700,적용,2호기,2열,1171,63,1160,76,204,CR(제어압연),958.0,10,3조,202.0
불량,일본,C,18,2500,42700,적용,3호기,2열,1180,67,1163,68,199,CR(제어압연),1027.0,10,3조,136.0
불량,일본,C,18,2500,42700,적용,1호기,1열,1175,75,1165,42,217,CR(제어압연),1031.0,10,3조,134.0
불량,독일,C,15,2500,51000,적용,1호기,2열,1171,59,1163,70,227,CR(제어압연),1002.0,10,3조,161.0
불량,한국,C,15,2500,51000,적용,1호기,2열,1171,59,1163,70,191,CR(제어압연),1002.0,10,3조,161.0
불량,영국,C,15,2500,51000,적용,1호기,2열,1171,59,1163,70,208,CR(제어압연),1002.0,10,3조,161.0
불량,영국,C,15,2500,50100,적용,2호기,1열,1165,74,1160,55,217,CR(제어압연),962.0,9,3조,198.0
양품,영국,C,15,2500,50100,적용,2호기,1열,1165,74,1160,55,203,CR(제어압연),962.0,10,3조,198.0
양품,일본,C,16,2500,37400,적용,2호기,2열,1182,82,1162,64,232,CR(제어압연),973.0,10,3조,189.0
양품,프랑스,C,15,2500,54700,적용,3호기,1열,1180,78,1162,53,213,CR(제어압연),998.0,10,3조,164.0
양품,한국,C,15,2500,54700,적용,3호기,1열,1180,78,1162,53,217,CR(제어압연),998.0,10,3조,164.0
양품,영국,C,17,2700,54400,적용,3호기,2열,1182,74,1164,55,208,CR(제어압연),982.0,10,3조,182.0
양품,영국,C,17,2700,54400,적용,3호기,2열,1182,74,1164,55,215,CR(제어압연),982.0,10,3조,182.0
양품,미국,C,16,2400,42300,적용,1호기,1열,1168,64,1161,52,187,CR(제어압연),984.0,10,3조,177.0
양품,프랑스,C,16,2400,42300,적용,1호기,1열,1168,64,1161,52,220,CR(제어압연),984.0,10,3조,177.0
양품,영국,C,16,2400,42300,적용,1호기,1열,1168,64,1161,52,172,CR(제어압연),984.0,10,3조,177.0
양품,미국,C,16,2600,46300,적용,1호기,2열,1174,61,1165,73,195,CR(제어압연),978.0,10,3조,187.0
불량,프랑스,C,16,2600,46300,미적용,1호기,2열,1174,61,1165,73,200,CR(제어압연),978.0,10,3조,187.0
양품,영국,C,16,2600,46300,적용,1호기,2열,1174,61,1165,73,218,CR(제어압연),978.0,10,3조,187.0
양품,미국,C,16,2700,52800,적용,2호기,1열,1169,77,1159,58,201,CR(제어압연),968.0,10,3조,191.0
양품,독일,C,16,2700,52800,적용,2호기,1열,1169,77,1159,58,221,CR(제어압연),968.0,10,3조,191.0
양품,영국,C,16,2700,52800,적용,2호기,1열,1169,77,1159,58,210,CR(제어압연),968.0,10,3조,191.0
양품,프랑스,C,15,2600,43700,적용,2호기,2열,1177,77,1161,71,203,CR(제어압연),1000.0,10,3조,161.0
불량,미국,C,17,2500,42800,적용,3호기,1열,1169,65,1158,67,237,CR(제어압연),1004.0,10,3조,154.0
불량,한국,C,17,2500,42800,적용,3호기,1열,1169,65,1158,67,203,CR(제어압연),1004.0,10,3조,154.0
불량,영국,C,17,2500,42800,적용,3호기,1열,1169,65,1158,67,228,CR(제어압연),1004.0,10,3조,154.0
불량,영국,C,17,2500,42800,미적용,3호기,1열,1169,65,1158,67,189,CR(제어압연),1004.0,10,3조,154.0
양품,미국,C,14,2600,54300,적용,3호기,2열,1169,73,1162,61,214,CR(제어압연),955.0,10,3조,207.0
불량,영국,C,14,2600,54300,미적용,3호기,2열,1169,73,1162,61,190,CR(제어압연),955.0,10,3조,207.0
양품,영국,C,14,2600,52800,적용,1호기,1열,1165,61,1158,57,215,CR(제어압연),960.0,10,3조,198.0
양품,일본,C,14,2600,52800,적용,1호기,1열,1165,61,1158,57,210,CR(제어압연),960.0,10,3조,198.0
양품,영국,C,14,2600,49700,적용,1호기,2열,1170,65,1161,70,232,CR(제어압연),964.0,10,3조,197.0
양품,영국,C,14,2600,49700,적용,1호기,2열,1170,65,1161,70,227,CR(제어압연),964.0,10,3조,197.0
양품,미국,C,15,2600,54900,적용,2호기,1열,1168,58,1158,58,186,CR(제어압연),959.0,10,3조,199.0
양품,영국,C,15,2600,54900,적용,2호기,1열,1168,58,1158,58,204,CR(제어압연),959.0,10,3조,199.0
양품,영국,C,15,2600,54900,적용,2호기,1열,1168,58,1158,58,177,CR(제어압연),959.0,10,3조,199.0
양품,영국,C,13,2800,54900,적용,2호기,2열,1167,66,1158,84,248,CR(제어압연),933.0,10,3조,225.0
양품,일본,C,13,2800,54900,적용,2호기,2열,1167,66,1158,84,239,CR(제어압연),933.0,10,3조,225.0
양품,프랑스,C,13,2700,51900,적용,3호기,1열,1165,70,1157,62,189,CR(제어압연),958.0,10,3조,199.0
양품,독일,C,13,2700,51900,적용,3호기,1열,1165,70,1157,62,224,CR(제어압연),958.0,10,4조,199.0
양품,미국,C,14,2800,54400,적용,3호기,2열,1168,72,1161,60,195,CR(제어압연),941.0,10,4조,220.0
양품,영국,C,14,2800,54400,적용,3호기,2열,1168,72,1161,60,194,CR(제어압연),941.0,10,4조,220.0
양품,영국,C,14,2800,54400,적용,3호기,2열,1168,72,1161,60,187,CR(제어압연),941.0,10,4조,220.0
불량,독일,C,18,2200,43600,미적용,1호기,1열,1160,82,1154,61,243,CR(제어압연),991.0,10,4조,163.0
양품,영국,C,18,2200,43600,적용,1호기,1열,1160,74,1154,61,234,CR(제어압연),991.0,10,4조,163.0
양품,프랑스,C,18,2200,43200,적용,1호기,2열,1165,60,1158,70,208,CR(제어압연),987.0,10,4조,171.0
양품,미국,C,19,2200,43500,적용,2호기,1열,1150,57,1160,55,195,CR(제어압연),993.0,10,4조,167.0
양품,영국,C,19,2200,43500,적용,2호기,1열,1150,57,1160,55,183,CR(제어압연),993.0,10,4조,167.0
불량,미국,C,20,2200,39700,적용,3호기,2열,1170,78,1159,59,205,CR(제어압연),1044.0,8,4조,115.0
불량,미국,C,20,2300,43100,적용,3호기,1열,1159,66,1155,80,227,CR(제어압연),1002.0,8,4조,153.0
양품,미국,C,18,2300,40800,적용,2호기,2열,1163,73,1155,86,237,CR(제어압연),981.0,10,4조,174.0
불량,미국,C,20,2200,39800,적용,1호기,1열,1157,55,1154,76,194,CR(제어압연),1007.0,8,4조,147.0
불량,프랑스,C,20,2200,39800,적용,1호기,1열,1157,55,1154,76,193,CR(제어압연),1007.0,8,4조,147.0
불량,영국,C,20,2200,39800,적용,1호기,1열,1157,55,1154,76,224,CR(제어압연),1007.0,8,4조,147.0
양품,미국,C,20,2200,39900,적용,1호기,2열,1158,63,1156,87,253,CR(제어압연),975.0,8,4조,181.0
불량,독일,C,20,2200,39900,적용,1호기,2열,1158,63,1156,87,252,CR(제어압연),975.0,7,4조,181.0
양품,영국,C,20,2200,39900,적용,1호기,2열,1158,63,1156,87,230,CR(제어압연),975.0,8,4조,181.0
양품,미국,C,20,2200,40700,적용,3호기,1열,1162,59,1162,68,188,CR(제어압연),982.0,8,4조,180.0
양품,미국,C,20,2200,38000,적용,2호기,1열,1151,63,1157,78,239,CR(제어압연),991.0,8,4조,166.0
불량,미국,C,20,2200,38000,미적용,2호기,2열,1154,78,1154,87,269,CR(제어압연),979.0,8,4조,175.0
불량,일본,C,20,1900,34100,적용,3호기,2열,1162,78,1158,73,256,CR(제어압연),1018.0,8,4조,140.0
불량,한국,C,20,1900,34100,적용,3호기,2열,1162,78,1158,73,249,CR(제어압연),1018.0,8,4조,140.0
불량,한국,C,23,2300,34300,적용,1호기,1열,1150,57,1150,85,244,CR(제어압연),1010.0,8,4조,140.0
불량,한국,C,23,2300,34300,적용,1호기,2열,1157,60,1156,85,244,CR(제어압연),1018.0,8,4조,138.0
불량,미국,C,20,2400,34600,적용,2호기,1열,1171,78,1158,66,250,CR(제어압연),1011.0,8,4조,147.0
불량,미국,C,20,2200,38000,적용,2호기,2열,1171,72,1166,69,214,CR(제어압연),1010.0,8,4조,156.0
불량,미국,C,20,2200,38000,적용,3호기,1열,1182,73,1164,67,243,CR(제어압연),1004.0,8,4조,160.0
불량,미국,C,20,2200,37900,적용,3호기,2열,1176,72,1162,68,246,CR(제어압연),1013.0,7,4조,149.0
양품,미국,C,20,2200,38000,적용,1호기,1열,1174,62,1165,65,199,CR(제어압연),999.0,8,4조,166.0
양품,미국,C,20,2200,38000,적용,1호기,2열,1172,61,1165,77,193,CR(제어압연),999.0,8,4조,166.0
불량,미국,C,26,2600,31300,적용,2호기,1열,1165,73,1160,63,223,CR(제어압연),1026.0,8,4조,134.0
불량,미국,C,26,2600,31300,적용,2호기,2열,1177,69,1177,65,230,CR(제어압연),1036.0,8,4조,141.0
양품,미국,C,17,2700,51200,적용,3호기,1열,1179,81,1168,63,222,CR(제어압연),950.0,10,4조,218.0
불량,영국,C,17,2700,51200,미적용,3호기,1열,1179,81,1168,63,242,CR(제어압연),950.0,10,4조,218.0
양품,독일,C,16,2600,49000,적용,3호기,2열,1177,76,1166,64,229,CR(제어압연),977.0,10,4조,189.0
양품,영국,C,16,2600,49000,적용,3호기,2열,1177,76,1166,64,222,CR(제어압연),977.0,10,4조,189.0
불량,한국,C,16,2600,40300,적용,1호기,1열,1193,66,1181,62,205,CR(제어압연),964.0,10,4조,217.0
불량,영국,C,16,2600,40300,적용,1호기,1열,1193,66,1181,62,190,CR(제어압연),964.0,10,4조,217.0
불량,한국,C,16,2600,40400,적용,1호기,2열,1198,63,1180,75,208,CR(제어압연),944.0,10,4조,236.0
불량,영국,C,16,2600,40400,적용,1호기,2열,1198,63,1180,75,207,CR(제어압연),944.0,10,4조,236.0
양품,프랑스,C,15,2500,54600,적용,2호기,1열,1117,58,1156,75,216,CR(제어압연),927.0,10,4조,229.0
양품,한국,C,15,2500,54600,적용,2호기,1열,1117,58,1156,75,227,CR(제어압연),927.0,10,4조,229.0
불량,영국,C,15,2500,54600,미적용,2호기,1열,1117,58,1156,75,230,CR(제어압연),927.0,10,4조,229.0
양품,영국,C,15,2500,54600,적용,2호기,1열,1117,58,1156,75,221,CR(제어압연),927.0,10,4조,229.0
불량,미국,C,15,2700,53600,적용,2호기,2열,1202,93,1177,41,233,CR(제어압연),962.0,10,4조,215.0
불량,프랑스,C,15,2700,53600,적용,2호기,2열,1202,93,1177,41,197,CR(제어압연),962.0,9,4조,215.0
불량,영국,C,15,2700,53600,적용,2호기,2열,1202,93,1177,41,219,CR(제어압연),962.0,10,4조,215.0
불량,일본,C,15,2700,53600,적용,2호기,2열,1202,93,1177,41,208,CR(제어압연),962.0,10,4조,215.0
양품,미국,C,15,2800,54600,적용,3호기,1열,1175,93,1162,46,238,CR(제어압연),955.0,10,4조,207.0
양품,독일,C,15,2800,54600,적용,3호기,1열,1175,93,1162,46,196,CR(제어압연),955.0,10,4조,207.0
양품,미국,C,14,2600,54100,적용,3호기,2열,1156,78,1168,76,255,CR(제어압연),947.0,10,4조,221.0
양품,영국,C,14,2600,54100,적용,3호기,2열,1156,102,1168,76,249,CR(제어압연),947.0,10,4조,221.0
양품,미국,C,13,2700,54500,적용,1호기,1열,1188,98,1170,41,207,CR(제어압연),951.0,10,4조,219.0
양품,한국,C,13,2700,54500,적용,1호기,1열,1188,98,1170,41,220,CR(제어압연),951.0,10,4조,219.0
양품,영국,C,13,2700,54500,적용,1호기,1열,1188,98,1170,41,206,CR(제어압연),951.0,10,4조,219.0
양품,미국,C,13,2700,54200,적용,1호기,2열,1173,63,1169,76,239,CR(제어압연),959.0,10,4조,210.0
양품,영국,C,13,2700,54200,적용,1호기,2열,1173,63,1169,76,221,CR(제어압연),959.0,10,4조,210.0
양품,프랑스,C,12,2700,48100,적용,2호기,1열,1136,82,1149,54,224,CR(제어압연),961.0,10,4조,188.0
양품,독일,C,12,2700,48100,적용,2호기,1열,1136,82,1149,54,208,CR(제어압연),961.0,10,4조,188.0
양품,영국,C,12,2600,32300,적용,2호기,2열,1192,94,1167,44,234,CR(제어압연),971.0,10,4조,196.0
양품,독일,C,12,2300,36000,적용,3호기,1열,1175,84,1163,58,237,CR(제어압연),984.0,10,4조,179.0
양품,한국,C,12,2300,36000,적용,3호기,1열,1175,84,1163,58,217,CR(제어압연),984.0,10,4조,179.0
양품,영국,C,12,2300,36000,적용,3호기,1열,1175,84,1163,58,212,CR(제어압연),984.0,10,4조,179.0
불량,미국,C,16,2400,43500,미적용,3호기,2열,1167,79,1162,59,220,CR(제어압연),1000.0,10,4조,162.0
양품,영국,C,16,2400,43500,적용,3호기,2열,1167,79,1162,59,195,CR(제어압연),1000.0,10,4조,162.0
불량,미국,C,20,2400,35300,적용,1호기,1열,1173,89,1159,52,232,CR(제어압연),1001.0,8,4조,158.0
양품,영국,C,19,2300,42800,적용,1호기,2열,1184,85,1168,54,236,CR(제어압연),949.0,10,4조,219.0
양품,일본,C,19,2300,42800,적용,1호기,2열,1184,85,1168,54,196,CR(제어압연),949.0,10,4조,219.0
불량,영국,C,19,2300,42800,적용,1호기,2열,1184,85,1168,54,218,CR(제어압연),949.0,9,4조,219.0
양품,일본,C,19,2000,38800,적용,2호기,1열,1146,81,1151,61,208,CR(제어압연),1000.0,10,4조,151.0
불량,일본,C,30,2300,30700,적용,2호기,2열,1150,87,1154,54,229,CR(제어압연),1010.0,8,4조,144.0
양품,한국,C,32,2200,30600,적용,3호기,1열,1141,73,1153,65,196,CR(제어압연),921.0,8,4조,232.0
불량,일본,C,100,2300,9500,적용,3호기,2열,1144,85,1150,52,219,CR(제어압연),1050.0,6,3조,100.0
불량,일본,C,100,2300,9500,적용,1호기,1열,1130,78,1137,61,206,CR(제어압연),1037.0,6,3조,100.0
양품,영국,C,19,2700,49800,적용,1호기,2열,1164,72,1158,60,218,CR(제어압연),961.0,10,3조,197.0
양품,영국,C,19,2700,49800,적용,1호기,2열,1164,72,1158,60,205,CR(제어압연),961.0,10,3조,197.0
양품,영국,C,16,2700,54700,적용,2호기,1열,1169,69,1160,64,227,CR(제어압연),977.0,10,3조,183.0
양품,일본,C,16,2700,54700,적용,2호기,1열,1169,69,1160,64,214,CR(제어압연),977.0,10,3조,183.0
양품,영국,C,16,2700,54700,적용,2호기,1열,1169,69,1160,64,219,CR(제어압연),977.0,10,3조,183.0
양품,미국,C,16,2500,44000,적용,2호기,2열,1167,81,1158,55,237,CR(제어압연),995.0,10,3조,163.0
양품,프랑스,C,16,2500,44000,적용,2호기,2열,1167,81,1158,55,239,CR(제어압연),995.0,10,3조,163.0
양품,프랑스,C,15,2600,51600,적용,3호기,1열,1162,70,1158,63,196,CR(제어압연),965.0,10,3조,193.0
양품,일본,C,15,2600,51600,적용,3호기,1열,1162,70,1158,63,227,CR(제어압연),965.0,10,3조,193.0
양품,독일,C,13,2800,49700,적용,3호기,2열,1174,73,1164,64,236,CR(제어압연),948.0,10,3조,216.0
양품,독일,C,13,2700,52300,적용,1호기,1열,1148,71,1147,66,210,CR(제어압연),941.0,10,3조,206.0
양품,영국,C,13,2700,52300,적용,1호기,1열,1148,71,1147,66,243,CR(제어압연),941.0,10,3조,206.0
불량,프랑스,C,12,2700,53900,미적용,1호기,2열,1169,69,1161,66,221,CR(제어압연),941.0,10,3조,220.0
양품,영국,C,12,2700,53900,적용,1호기,2열,1169,69,1161,66,191,CR(제어압연),941.0,10,3조,220.0
불량,미국,C,13,2700,53700,적용,2호기,1열,1170,78,1161,57,207,CR(제어압연),909.0,9,3조,252.0
양품,프랑스,C,12,2800,54500,적용,2호기,2열,1171,71,1162,67,231,CR(제어압연),936.0,10,3조,226.0
양품,미국,C,13,2700,53600,적용,3호기,1열,1166,67,1157,69,219,CR(제어압연),938.0,10,3조,219.0
양품,미국,C,13,2700,53800,적용,3호기,2열,1183,78,1166,58,216,CR(제어압연),936.0,10,3조,230.0
양품,프랑스,C,13,2700,53600,적용,1호기,1열,1164,69,1157,69,220,CR(제어압연),942.0,10,3조,215.0
양품,한국,C,13,2700,53600,적용,1호기,1열,1164,69,1157,69,239,CR(제어압연),942.0,10,3조,215.0
양품,프랑스,C,13,2800,54900,적용,1호기,2열,1157,69,1155,68,243,CR(제어압연),937.0,10,3조,218.0
양품,독일,C,13,2800,54900,적용,1호기,2열,1157,69,1155,68,223,CR(제어압연),937.0,10,3조,218.0
양품,영국,C,13,2800,54900,적용,1호기,2열,1157,69,1155,68,221,CR(제어압연),937.0,10,3조,218.0
양품,독일,C,14,2600,51400,적용,2호기,1열,1169,79,1164,70,238,CR(제어압연),950.0,10,3조,214.0
양품,일본,C,14,2600,51400,적용,2호기,1열,1169,79,1164,70,204,CR(제어압연),950.0,10,3조,214.0
양품,미국,C,15,2500,50600,적용,2호기,2열,1174,118,1168,68,246,CR(제어압연),996.0,10,3조,172.0
양품,독일,C,15,2500,50600,적용,2호기,2열,1174,68,1168,68,200,CR(제어압연),996.0,10,3조,172.0
양품,영국,C,15,2500,50600,적용,2호기,2열,1174,101,1168,68,252,CR(제어압연),996.0,10,3조,172.0
불량,한국,C,30,2500,26700,적용,3호기,1열,1156,107,1155,69,269,CR(제어압연),1016.0,8,3조,139.0
불량,미국,C,26,2500,30000,적용,3호기,2열,1172,61,1164,57,210,CR(제어압연),1034.0,8,3조,130.0
불량,미국,C,26,2500,32000,적용,1호기,1열,1162,79,1156,69,242,CR(제어압연),1019.0,8,3조,137.0
불량,영국,C,25,2700,38100,적용,1호기,2열,1145,69,1149,68,240,CR(제어압연),1005.0,8,3조,144.0
불량,한국,C,22,2500,38900,적용,2호기,1열,1178,70,1163,56,184,CR(제어압연),1025.0,8,3조,138.0
불량,영국,C,22,2500,38900,적용,2호기,1열,1178,70,1163,56,205,CR(제어압연),1025.0,8,3조,138.0
불량,미국,C,19,2500,34200,적용,2호기,2열,1171,58,1164,56,219,CR(제어압연),1025.0,9,3조,139.0
불량,일본,C,19,2000,38800,적용,3호기,1열,1145,61,1152,68,194,CR(제어압연),1033.0,10,3조,119.0
불량,일본,C,19,2000,38800,적용,3호기,2열,1168,71,1162,56,210,CR(제어압연),1035.0,10,3조,127.0
불량,영국,C,17,2300,42700,적용,1호기,1열,1171,55,1159,69,199,CR(제어압연),1013.0,10,3조,146.0
불량,영국,C,17,2300,42700,적용,1호기,1열,1171,55,1159,69,222,CR(제어압연),1013.0,10,3조,146.0
양품,일본,C,14,2800,43000,적용,1호기,2열,1130,118,1141,66,251,CR(제어압연),941.0,10,3조,200.0
양품,미국,C,14,3100,39400,적용,2호기,1열,1171,69,1168,52,187,CR(제어압연),957.0,10,3조,211.0
양품,미국,C,16,3100,32900,적용,2호기,2열,1173,70,1165,51,217,CR(제어압연),975.0,10,3조,190.0
양품,미국,C,16,3100,32900,적용,3호기,1열,1156,68,1157,65,194,CR(제어압연),975.0,10,3조,182.0
양품,미국,C,18,3100,31500,적용,3호기,2열,1184,67,1167,52,182,CR(제어압연),991.0,10,3조,176.0
불량,미국,C,19,3100,28600,적용,1호기,1열,1161,62,1156,69,191,CR(제어압연),988.0,9,3조,168.0
양품,프랑스,C,20,3000,34900,적용,1호기,2열,1146,62,1151,66,217,CR(제어압연),993.0,8,3조,158.0
양품,미국,C,20,3100,31500,적용,2호기,1열,1177,71,1172,50,202,CR(제어압연),994.0,8,3조,178.0
양품,미국,C,20,3100,33000,적용,2호기,2열,1177,73,1164,47,218,CR(제어압연),989.0,8,3조,175.0
양품,프랑스,C,20,3000,42600,적용,3호기,1열,1165,67,1160,63,210,CR(제어압연),991.0,8,3조,169.0
양품,독일,C,20,3000,42600,적용,3호기,1열,1165,67,1160,63,233,CR(제어압연),991.0,8,3조,169.0
불량,일본,C,20,3000,42600,적용,3호기,1열,1165,67,1160,63,185,CR(제어압연),991.0,7,3조,169.0
양품,영국,C,20,3000,42600,적용,3호기,1열,1165,67,1160,63,213,CR(제어압연),991.0,8,3조,169.0
양품,미국,C,20,3100,29200,적용,3호기,2열,1167,62,1166,60,189,CR(제어압연),982.0,8,3조,184.0
불량,미국,C,34,3100,19300,적용,1호기,1열,1181,72,1166,60,192,CR(제어압연),1037.0,8,3조,129.0
양품,프랑스,C,15,3100,51500,적용,2호기,1열,1192,76,1173,42,173,CR(제어압연),956.0,10,3조,217.0
양품,한국,C,15,3100,51500,적용,2호기,1열,1192,76,1173,42,221,CR(제어압연),956.0,10,3조,217.0
양품,일본,C,15,3100,51500,적용,2호기,1열,1192,76,1173,42,215,CR(제어압연),956.0,10,3조,217.0
양품,영국,C,15,3100,51500,적용,2호기,1열,1192,76,1173,42,218,CR(제어압연),956.0,10,3조,217.0
양품,프랑스,C,17,3100,46700,적용,1호기,2열,1175,61,1167,66,183,CR(제어압연),960.0,10,3조,207.0
양품,영국,C,17,3100,46700,적용,1호기,2열,1175,61,1167,66,207,CR(제어압연),960.0,10,3조,207.0
양품,미국,C,20,3100,45600,적용,3호기,1열,1170,72,1163,62,226,CR(제어압연),984.0,10,3조,179.0
양품,영국,C,20,3100,45600,적용,3호기,1열,1170,72,1163,62,195,CR(제어압연),984.0,10,3조,179.0
양품,미국,C,20,2800,51800,적용,3호기,2열,1180,63,1170,61,221,CR(제어압연),993.0,8,3조,177.0
양품,독일,C,20,2800,51800,적용,3호기,2열,1180,63,1170,61,221,CR(제어압연),993.0,8,3조,177.0
양품,영국,C,20,2800,51800,적용,3호기,2열,1180,63,1170,61,206,CR(제어압연),993.0,8,3조,177.0
양품,미국,C,15,3100,51900,적용,2호기,2열,1176,71,1164,57,205,CR(제어압연),927.0,10,3조,237.0
양품,영국,C,15,3100,51900,적용,2호기,2열,1176,71,1164,57,200,CR(제어압연),927.0,10,3조,237.0
양품,프랑스,C,14,2800,50800,적용,1호기,1열,1181,63,1168,64,199,CR(제어압연),947.0,10,3조,221.0
불량,영국,C,14,2800,50800,미적용,1호기,1열,1181,63,1168,64,187,CR(제어압연),947.0,10,3조,221.0
양품,미국,C,14,2800,53700,적용,1호기,2열,1177,63,1165,62,222,CR(제어압연),941.0,10,3조,224.0
양품,영국,C,14,2800,53700,적용,1호기,2열,1177,63,1165,62,194,CR(제어압연),941.0,10,3조,224.0
불량,한국,C,20,3100,47000,적용,3호기,1열,1177,72,1164,60,221,CR(제어압연),1004.0,10,3조,160.0
불량,영국,C,20,3100,47000,적용,3호기,1열,1177,72,1164,60,190,CR(제어압연),1004.0,10,3조,160.0
양품,영국,C,20,2900,49400,적용,3호기,2열,1177,72,1166,60,237,CR(제어압연),998.0,10,3조,168.0
양품,영국,C,20,2900,49400,적용,3호기,2열,1177,72,1166,60,231,CR(제어압연),998.0,10,4조,168.0
양품,일본,C,13,2800,52700,적용,2호기,1열,1183,73,1165,55,194,CR(제어압연),937.0,10,4조,228.0
양품,독일,C,13,3100,49600,적용,2호기,2열,1188,71,1166,58,194,CR(제어압연),942.0,10,4조,224.0
양품,영국,C,13,3100,49600,적용,2호기,2열,1188,71,1166,58,214,CR(제어압연),942.0,10,4조,224.0
양품,일본,C,13,3100,49600,적용,2호기,2열,1188,71,1166,58,217,CR(제어압연),942.0,10,4조,224.0
양품,일본,C,13,2900,52800,적용,1호기,1열,1192,63,1173,64,198,CR(제어압연),938.0,10,4조,235.0
양품,일본,C,13,2900,52900,적용,1호기,2열,1185,62,1170,63,181,CR(제어압연),943.0,10,4조,227.0
양품,영국,C,13,3100,49200,적용,2호기,1열,1164,70,1159,52,222,CR(제어압연),915.0,10,4조,244.0
양품,영국,C,13,3000,47800,적용,2호기,2열,1171,65,1163,58,191,CR(제어압연),928.0,10,4조,235.0
양품,일본,C,13,3000,47800,적용,2호기,2열,1171,65,1163,58,182,CR(제어압연),928.0,10,4조,235.0
양품,영국,C,13,3000,47800,적용,2호기,2열,1171,65,1163,58,219,CR(제어압연),928.0,10,4조,235.0
불량,미국,C,13,3000,54000,적용,3호기,1열,1182,62,1166,65,194,CR(제어압연),931.0,9,4조,235.0
양품,일본,C,13,3000,54000,적용,3호기,1열,1182,62,1166,65,187,CR(제어압연),931.0,10,4조,235.0
양품,일본,C,13,2800,52700,적용,3호기,2열,1176,70,1162,67,208,CR(제어압연),932.0,10,4조,230.0
양품,영국,C,13,2900,49100,적용,1호기,1열,1186,66,1170,59,193,CR(제어압연),926.0,10,4조,244.0
양품,일본,C,13,2900,49100,적용,1호기,1열,1186,66,1170,59,214,CR(제어압연),926.0,10,4조,244.0
양품,독일,C,12,2900,53500,적용,2호기,1열,1161,56,1160,54,215,CR(제어압연),891.0,10,4조,269.0
양품,영국,C,12,2900,53500,적용,2호기,1열,1161,56,1160,54,191,CR(제어압연),891.0,10,4조,269.0
양품,미국,C,12,2800,54400,적용,1호기,2열,1172,60,1161,74,206,CR(제어압연),919.0,10,4조,242.0
양품,독일,C,12,2800,54400,적용,1호기,2열,1172,60,1161,74,216,CR(제어압연),919.0,10,4조,242.0
양품,영국,C,12,3000,51700,적용,2호기,2열,1181,71,1164,56,197,CR(제어압연),926.0,10,4조,238.0
양품,영국,C,12,3000,51700,적용,2호기,2열,1181,71,1164,56,184,CR(제어압연),926.0,10,4조,238.0
양품,독일,C,12,2900,51800,적용,3호기,1열,1172,70,1163,71,207,CR(제어압연),936.0,10,4조,227.0
양품,영국,C,12,2900,51800,적용,3호기,1열,1172,70,1163,71,242,CR(제어압연),936.0,10,4조,227.0
양품,독일,C,12,2900,51800,적용,3호기,2열,1180,65,1162,65,233,CR(제어압연),878.0,10,4조,284.0
불량,영국,C,12,2900,51800,미적용,3호기,2열,1180,65,1162,65,188,CR(제어압연),878.0,10,4조,284.0
불량,미국,C,12,2800,54800,적용,1호기,1열,1177,60,1163,65,194,CR(제어압연),887.0,9,4조,276.0
양품,독일,C,12,2800,54800,적용,1호기,1열,1177,60,1163,65,183,CR(제어압연),887.0,10,4조,276.0
양품,독일,C,12,2900,52300,적용,1호기,2열,1159,106,1156,74,280,CR(제어압연),894.0,10,4조,262.0
양품,영국,C,12,2900,52300,적용,1호기,2열,1159,93,1156,74,258,CR(제어압연),894.0,10,4조,262.0
불량,독일,C,12,2900,52900,미적용,3호기,1열,1185,79,1163,58,222,CR(제어압연),902.0,10,4조,261.0
양품,영국,C,12,2900,52900,적용,3호기,1열,1185,79,1163,58,207,CR(제어압연),902.0,10,4조,261.0
양품,프랑스,C,13,2900,51500,적용,3호기,2열,1174,65,1168,58,207,CR(제어압연),908.0,10,4조,260.0
양품,영국,C,13,2900,51500,적용,3호기,2열,1174,65,1168,58,180,CR(제어압연),908.0,10,4조,260.0
양품,영국,C,13,2900,51500,적용,3호기,2열,1174,65,1168,58,185,CR(제어압연),908.0,10,4조,260.0
양품,독일,C,12,2900,52900,적용,2호기,1열,1160,60,1159,77,232,CR(제어압연),894.0,10,4조,265.0
양품,영국,C,12,2900,52900,적용,2호기,1열,1160,60,1159,77,194,CR(제어압연),894.0,10,4조,265.0
양품,미국,C,12,2900,53300,적용,2호기,2열,1160,69,1160,65,217,CR(제어압연),888.0,10,4조,272.0
양품,영국,C,12,2900,53300,적용,2호기,2열,1160,69,1160,65,216,CR(제어압연),888.0,10,4조,272.0
양품,미국,C,12,3100,50500,적용,1호기,1열,1183,66,1166,68,209,CR(제어압연),896.0,10,4조,270.0
양품,한국,C,12,3100,50500,적용,1호기,1열,1183,66,1166,68,217,CR(제어압연),896.0,10,4조,270.0
양품,영국,C,12,3100,50500,적용,1호기,1열,1183,66,1166,68,207,CR(제어압연),896.0,10,4조,270.0
양품,영국,C,12,3000,50100,적용,1호기,2열,1173,55,1164,78,238,CR(제어압연),891.0,10,4조,273.0
양품,일본,C,12,3000,50100,적용,1호기,2열,1173,55,1164,78,199,CR(제어압연),891.0,10,4조,273.0
양품,영국,C,12,3000,50100,적용,1호기,2열,1173,55,1164,78,191,CR(제어압연),891.0,10,4조,273.0
양품,프랑스,C,12,3200,52200,적용,2호기,1열,1184,61,1161,63,220,CR(제어압연),916.0,10,4조,245.0
양품,영국,C,12,3200,52200,적용,2호기,1열,1184,61,1161,63,197,CR(제어압연),916.0,10,4조,245.0
양품,영국,C,12,3100,53800,적용,2호기,2열,1174,74,1159,61,227,CR(제어압연),919.0,10,4조,240.0
양품,영국,C,12,3100,53800,적용,3호기,1열,1179,65,1163,71,215,CR(제어압연),913.0,10,4조,250.0
양품,미국,C,17,3500,32300,적용,3호기,2열,1156,65,1160,72,231,CR(제어압연),938.0,10,4조,222.0
양품,영국,C,17,3500,32300,적용,3호기,2열,1156,65,1160,72,215,CR(제어압연),938.0,10,4조,222.0
양품,영국,C,15,3200,48200,적용,2호기,1열,1150,61,1169,61,218,CR(제어압연),947.0,10,4조,222.0
양품,영국,C,15,3200,48200,적용,2호기,1열,1150,61,1169,61,216,CR(제어압연),947.0,10,4조,222.0
양품,미국,C,18,3300,40600,적용,1호기,1열,1174,66,1160,71,239,CR(제어압연),965.0,10,4조,195.0
양품,영국,C,18,3300,40600,적용,1호기,1열,1174,66,1160,71,222,CR(제어압연),965.0,10,4조,195.0
불량,미국,C,20,3600,38600,적용,3호기,1열,1172,72,1164,62,222,CR(제어압연),1005.0,8,4조,159.0
불량,프랑스,C,20,3600,38600,적용,3호기,1열,1172,72,1164,62,217,CR(제어압연),1005.0,8,4조,159.0
불량,영국,C,20,3600,38600,적용,3호기,1열,1172,72,1164,62,191,CR(제어압연),1005.0,8,4조,159.0
불량,일본,C,20,3600,38600,적용,3호기,1열,1172,72,1164,62,197,CR(제어압연),1005.0,8,4조,159.0
양품,영국,C,16,3400,48700,적용,3호기,2열,1179,86,1163,45,197,CR(제어압연),940.0,10,4조,223.0
양품,프랑스,C,19,3400,41500,적용,1호기,2열,1142,55,1151,86,203,CR(제어압연),948.0,10,4조,203.0
양품,영국,C,19,3400,41500,적용,1호기,2열,1142,55,1151,86,209,CR(제어압연),948.0,10,4조,203.0
양품,미국,C,17,3400,43700,적용,2호기,2열,1169,65,1163,77,227,CR(제어압연),948.0,10,4조,215.0
양품,영국,C,17,3400,43700,적용,2호기,2열,1169,65,1163,77,204,CR(제어압연),948.0,10,4조,215.0
양품,독일,C,16,3400,54200,적용,3호기,1열,1186,82,1169,45,208,CR(제어압연),957.0,10,4조,212.0
